,Name,Description,Price,Rating,Rating_Count,URL
0,Mangalam,Mangalam Camphor Tablet 100g Jar - Pack of 1,₹184,4.3,"13,384",https://www.amazon.in/Mangalam-Camphor-Tablets-Aarti-Meditation/dp/B0725N7D7D/ref=sr_1_5?keywords=camphor&qid=1692427358&sr=8-5
1,MANGALAM,"MANGALAM Bhimseni Camphor Chunks 100G Jar|Pack Of 1,Chunk",₹280,4.4,"13,987",https://www.amazon.in/Mangalam-Bhimseni-Camphor-Jar-100/dp/B07ZJSTTHM/ref=sr_1_6?keywords=camphor&qid=1692427358&sr=8-6
2,Mangalam,"Mangalam Camphor Pouch ( 500g Small Round, Pack of 1 )",₹712,4.3,"7,784",https://www.amazon.in/Mangalam-Camphor-Tablets-Aarti-Meditation/dp/B00ZR6KXUE/ref=sr_1_7?keywords=camphor&qid=1692427358&sr=8-7
3,Shubhkart,"Shubhkart Surabhi Pure Camphor Pouch for Puja, Meditation, Spirituality & Other Religious Rituals – 100g|Refreshing Fragrance| Aromatic Kapooram Tablets",₹149,4.2,42,https://www.amazon.in/Shubhkart-Camphor-Box-100-g/dp/B01KZA7L88/ref=sr_1_8?keywords=camphor&qid=1692427358&sr=8-8
4,Mangalam,"Mangalam CamPure Camphor Cone (Original) Pack Of 2 - Room, Car and Air Freshener & Mosquito Repellent",₹394,4.1,"14,383",https://www.amazon.in/Mangalam-CamPure-Original-Camphor-Cone/dp/B07P71JV55/ref=sr_1_9?keywords=camphor&qid=1692427358&sr=8-9
5,Shri,Shri Ganesh Premium Camphor Bhimseni Camphor (250g X 1 Jar),₹480,4.4,862,https://www.amazon.in/Shri-Ganesh-Premium-Camphor-Bhimseni/dp/B08LZTFVD4/ref=sr_1_10?keywords=camphor&qid=1692427358&sr=8-10
6,Mangalam,"Mangalam CamPure Camphor Cone (1 Original & 1 Sandalwood) Pack Of 2 - Room, Car and Air Freshener & Mosquito Repellent",₹394,4.1,"4,042",https://www.amazon.in/MANGALAM-Freshener-Repellent-Properties-Sandalwood/dp/B07ZJSK969/ref=sr_1_11?keywords=camphor&qid=1692427358&sr=8-11
7,Shubhkart,"Shubhkart Surabhi Pure Camphor Container for Puja, Meditation, Spirituality & Other Religious Rituals – 50g|Refreshing Fragrance| Aromatic Kapooram Tablets",₹89,4.2,73,https://www.amazon.in/Shubhkart-Container-Meditation-Spirituality-Religious/dp/B0B9MJ7LM2/ref=sr_1_12?keywords=camphor&qid=1692427358&sr=8-12
8,Shri,Shri Ganesh Premium Camphor Tablets (500g X 1 Jar),₹690,4.3,994,https://www.amazon.in/Shri-Ganesh-Premium-Camphor-Tablets/dp/B077BYH9NC/ref=sr_1_13?keywords=camphor&qid=1692427358&sr=8-13
9,Mangalam,"Mangalam CamPure Camphor Cone (Bhimseni) Pack Of 2 - Room, Car and Air Freshener & Mosquito Repellent",₹389,4.1,"1,457",https://www.amazon.in/Mangalam-CamPure-Camphor-Cone-Bhimseni/dp/B08R42F1KG/ref=sr_1_14?keywords=camphor&qid=1692427358&sr=8-14
10,Kriti,"Kriti Creations Feng Shui Energised Camphor (500gms, White)","₹1,250",4.8,31,https://www.amazon.in/Kriti-Creations-Energised-Camphor-500gms/dp/B0BLHKRL37/ref=sr_1_15?keywords=camphor&qid=1692427358&sr=8-15
11,Mangalam,Mangalam CamPure Camphor Power Mosquito Liquid Vaporiser (Refill - Pack of 3),₹288,3.7,"5,894",https://www.amazon.in/Mangalam-CamPure-Camphor-Liquid-Vaporiser/dp/B08D55NB6P/ref=sr_1_16?keywords=camphor&qid=1692427358&sr=8-16
12,Mangalam,Mangalam Camphor Thal 250g Pouch,₹336,5.0,3,https://www.amazon.in/Mangalam-Camphor-Thal-250g-Pouch/dp/B0BLLWCG1D/ref=sr_1_17?keywords=camphor&qid=1692427358&sr=8-17
13,Mangalam,"Mangalam CamPure Camphor Sticks (Pack of 6) - Wonderful Fragrance, Repels Cockroaches and Rats, Preserves Clothes, Prevents Rust - for Kitchen cabinets, Shoe Racks, Woollen storages",₹282.,3.9,780,https://www.amazon.in/Mangalam-CamPure-Camphor-Sticks-Pack/dp/B074TD6FKX/ref=sr_1_18?keywords=camphor&qid=1692427358&sr=8-18
14,MY,"MY ARMOR Camphor Tablet for Pooja, 100 Gram Jar",₹189,4.8,37,https://www.amazon.in/MY-ARMOR-Camphor-Tablet-Pooja/dp/B0BZ8FFMMQ/ref=sr_1_19?keywords=camphor&qid=1692427358&sr=8-19
15,Prarthana,"Prarthana Camphor, 50 Tablet",,3.7,588,https://www.amazon.in/Prarthana-100110610-Camphor-50-Tablet/dp/B07R1RXQYV/ref=sr_1_20?keywords=camphor&qid=1692427358&sr=8-20
16,Prarthana,Prarthana Camphor - 100 Tablets,₹55,3.8,"1,161",https://www.amazon.in/Prarthana-Invictus_EAN_IJADACDCGDBDG_GM-Camphor-100-Tablets/dp/B0751FHPF9/ref=sr_1_25_f3_0o_fs?keywords=camphor&qid=1692427358&sr=8-25
17,Mangalam,"Mangalam CamPure Camphor Cone (Original) Pack Of 4 - Room, Car and Air Freshener & Mosquito Repellent, Bar",₹772,4.1,"14,383",https://www.amazon.in/Mangalam-Campure-Original-Camphor-Cone/dp/B00ZF6UYBY/ref=sr_1_26?keywords=camphor&qid=1692427358&sr=8-26
18,MANGALAM,MANGALAM Bhimseni Camphor Lavender 50g Jar - Pack of 1,₹150,3.5,2,https://www.amazon.in/MANGALAM-Bhimseni-Camphor-Lavender-50g/dp/B0C341Y5JN/ref=sr_1_27?keywords=camphor&qid=1692427358&sr=8-27
19,Hari,"Hari Darshan Pure Bhimseni Camphor-250g,Kapoor,Kapur,Kappuram for Pooja to Purify Your Surroundings | Pure Camphor for Purifying & Pleasant Fragrance, Havan,Meditation,Room Freshener",₹463,4.4,491,https://www.amazon.in/Camphor-250g-Surroundings-Purifying-Fragrance-Meditation/dp/B09VPQRSCJ/ref=sr_1_28?keywords=camphor&qid=1692427358&sr=8-28
20,Naturalis,Naturalis Essence of Nature Camphor Essential Oil for Skin & Hair Care - 15ml,₹171,3.8,110,https://www.amazon.in/Naturalis-Essence-Nature-Camphor-Essential/dp/B08LTCKHG8/ref=sr_1_29?keywords=camphor&qid=1692427358&sr=8-29
21,Mangalam,"Mangalam CamPure Camphor Cone (Lavender) Pack Of 2 - Room, Car and Air Freshener & Mosquito Repellent",₹390,4.0,"1,546",https://www.amazon.in/Mangalam-CamPure-Camphor-Cone-Lavender/dp/B082YB8V21/ref=sr_1_30?keywords=camphor&qid=1692427358&sr=8-30
22,Eabir Kapoor,"Eabir Kapoor Dani Camphor Diffuser for Home Bakhoor Burner Kapoor Diffuser for Home Kapoor Dani Electric Kapoor Dani (Wood, Cylindrical, Brown)",₹235,3.8,622,https://www.amazon.in/Eabir-Mayukh-Multipurpose-Electric-Incense-Camphor/dp/B093Q2VQG2/ref=sr_1_31?keywords=camphor&qid=1692427358&sr=8-31
23,Mangalam,"Mangalam CamPure Camphor Cone (Rose) Pack Of 2 - Room, Car and Air Freshener & Mosquito Repellent",₹389,4.0,"1,126",https://www.amazon.in/Mangalam-CamPure-Rose-Camphor-Cone/dp/B07PBDTMF6/ref=sr_1_32?keywords=camphor&qid=1692427358&sr=8-32
24,Amazon,Amazon Brand - Solimo Bhimseni Camphor Jar 100 gm (100 gm X 1 Jar),₹199,3.8,52,https://www.amazon.in/Amazon-Brand-Solimo-Bhimseni-Camphor/dp/B0BX6RLCMS/ref=sr_1_33?keywords=camphor&qid=1692427358&sr=8-33
25,Maa,Maa Kapoor Dani Electrical Black Coated Camphor Diffuser Essential Oil Diffuser kapoordani,₹239,4.3,53,https://www.amazon.in/Maa-Electrical-Diffuser-Essential-kapoordani/dp/B09F8YJN3T/ref=sr_1_34?keywords=camphor&qid=1692427358&sr=8-34
26,PANCA,"PANCA Kapoor Dani Camphor Diffuser for Home Bakhoor Burner Kapoor Diffuser (Wood, Cylindrical, Brown)",₹260,3.8,492,https://www.amazon.in/PANCA-Camphor-Diffuser-Bakhoor-Electric/dp/B096VXBW1W/ref=sr_1_35?keywords=camphor&qid=1692427358&sr=8-35
27,Shri,Shri Ganesh Premium Camphor Tablets (100g X 1 Jar),₹180,4.2,121,https://www.amazon.in/Shri-Ganesh-Premium-Camphor-Tablets/dp/B0B4BHQSM8/ref=sr_1_36?keywords=camphor&qid=1692427358&sr=8-36
28,Shubhkart,"Shubhkart Surabhi Pure Bhimseni Camphor Container - 100 G for Puja, Meditation, Spirituality & Other Religious Rituals – 100g|Refreshing Fragrance| Aromatic Kapooram Tablets",₹259,4.1,65,https://www.amazon.in/Shubhkart-Surabhi-Bhimseni-Camphor-Container/dp/B09WDMZXQ1/ref=sr_1_37?keywords=camphor&qid=1692427358&sr=8-37
29,Awadh,Awadh Desi Kapur | Camphor Flakes,₹99,2.0,1,https://www.amazon.in/Awadh-Desi-Kapur-Camphor-Flakes/dp/B09Y4NB5V7/ref=sr_1_38?keywords=camphor&qid=1692427358&sr=8-38
30,Mangaldeeo,Mangaldeeo Upveda - Camphor Tulsi Agarbatii - 76 sticks,₹45,4.0,20,https://www.amazon.in/Mangaldeeo-Upveda-Camphor-Agarbatii-sticks/dp/B09SKF4K3T/ref=sr_1_39?keywords=camphor&qid=1692427358&sr=8-39
31,SHIVANSH,"SHIVANSH TECHNOLOGY Multipurpose Special Grade Plastic Kapoor dani with Night lamp, Aroma Diffuser, Bakhoor dani, Incense Burner with Many Safety Features (White Light)",₹425,4.0,"7,035",https://www.amazon.in/SHIVANSH-TECHNOLOGY%C2%AE-Multipurpose-Diffuser-Features/dp/B08W1X3YV7/ref=sr_1_40?keywords=camphor&qid=1692427358&sr=8-40
32,Saraswati,Saraswati Camphor Kapoor (8x6x1cm) - Pack of 5.,₹349,4.7,32,https://www.amazon.in/Saraswati-Camphor-Kapoor-8x6x1cm-White/dp/B06XNYBY2V/ref=sr_1_41?keywords=camphor&qid=1692427358&sr=8-41
33,MANGALAM,MANGALAM Bhimseni Camphor Lavender 100g Jar - Pack of 1,₹280,3.8,5,https://www.amazon.in/MANGALAM-Bhimseni-Camphor-Lavender-100g/dp/B0C3419VXG/ref=sr_1_42?keywords=camphor&qid=1692427358&sr=8-42
34,Aromahpure,"Aromahpure Camphor Cube | Pack of 2| Refreshing Lemongrass| 45 Days Last Long| 100% Pure & Organic Camphor Cube for Car, Room, Bathroom & Air Freshener",₹398,4.0,313,https://www.amazon.in/Aromahpure-Camphor-Cube-Lemon-Pack/dp/B0B3RWJQSB/ref=sr_1_43?keywords=camphor&qid=1692427358&sr=8-43
35,Shri,Shri Ganesh Premium Camphor Bhimseni Camphor 1 KG (500g X 2 Jars),"₹1,550",4.4,154,https://www.amazon.in/Shri-Ganesh-Premium-Bhimseni-Camphor/dp/B08MCZR9W2/ref=sr_1_44?keywords=camphor&qid=1692427358&sr=8-44
36,MY,"MY ARMOR Original Bhimseni Camphor/Kapoor/Kappuram for Aarti, Pooja, Meditation, Havan, Air Freshener (100g)",₹289,4.2,150,https://www.amazon.in/MY-ARMOR-Original-Meditation-Freshener/dp/B0BZHWS15B/ref=sr_1_45?keywords=camphor&qid=1692427358&sr=8-45
37,J.P.Perfumery,J.P.Perfumery Works 100% Pure Bhimseni Camphor - 500gm Pouch,₹649,5.0,1,https://www.amazon.in/J-P-Perfumery-Works-100-Bhimseni-Camphor/dp/B0C7P77ZXK/ref=sr_1_46?keywords=camphor&qid=1692427358&sr=8-46
38,Amazon,Amazon Brand Solimo - Bhimseni Camphor Jar 250 gm (250 gm x 1 Jar),₹429,4.2,24,https://www.amazon.in/Amazon-Brand-Solimo-Bhimseni-Camphor/dp/B0BX6T8LH6/ref=sr_1_47?keywords=camphor&qid=1692427358&sr=8-47
39,Shri,Shri Ganesh Premium Camphor Bhimseni Camphor (500g X 1 Jar),₹930,4.4,178,https://www.amazon.in/Shri-Ganesh-Premium-Bhimseni-Camphor/dp/B08W277M4M/ref=sr_1_48?keywords=camphor&qid=1692427358&sr=8-48
40,Shri,Shri Ganesh Premium Camphor Bhimseni Camphor (100g x 1 Jar),₹230,4.3,118,https://www.amazon.in/Shri-Ganesh-Premium-Bhimseni-Camphor/dp/B0B5GHSKXS/ref=sr_1_49?keywords=camphor&qid=1692427358&sr=8-49
41,HEM,HEM Camphor Incense Sticks - Pack of 6 (20 Sticks Each) - Pooja Room Items For Home,₹269,3.4,291,https://www.amazon.in/DG-EXODIF-Camphor-Incense-Stick-25-5cm/dp/B002U33GQK/ref=sr_1_50?keywords=camphor&qid=1692427358&sr=8-50
42,MANGALAM,"MANGALAM Campure Camphor Cone (Mogra) Pack Of 2-Room,Car&Air Freshener&Mosquito Repellent,Band",₹390.,3.9,682,https://www.amazon.in/MANGALAM-Campure-Freshener-Mosquito-Repellent/dp/B08R41F16Q/ref=sr_1_51?keywords=camphor&qid=1692427358&sr=8-51
43,Naturoman,"Naturoman Camphor Pure and Natural Essential Oil Therapeutic Grade, 30 ml, for Normal Skin",₹199,4.1,422,https://www.amazon.in/Naturoman-Camphor-Essential-Therapeutic-Grade-30ml/dp/B07K46PZS8/ref=sr_1_52?keywords=camphor&qid=1692427358&sr=8-52
44,Camveda,"Camveda Pure Bhimseni Camphor Kapoor/Kapur Jar (500g) | 100% Pure Camphor Purifying & Pleasant Fragrance for Pooja, Hawan, Air Freshener | Unadulterated Camphor- Bhimseni Camphor- 500gm",₹895,4.1,76,https://www.amazon.in/Bhimseni-Camphor-Isoborneol-Jar-Unadulterated/dp/B0BKWDK5ZW/ref=sr_1_53?keywords=camphor&qid=1692427358&sr=8-53
45,Camveda,"Camveda Pure Bhimseni Camphor Kapoor/Kapur Jar (250g) | 100% Pure Camphor Purifying & Pleasant Fragrance for Pooja, Hawan, Air Freshener | Unadulterated Camphor- Bhimseni Camphor- 250gm",₹484,4.1,83,https://www.amazon.in/Bhimseni-Camphor-Jar-Purifying-Unadulterated/dp/B0BKWFQK3S/ref=sr_1_54?keywords=camphor&qid=1692427358&sr=8-54
46,Camveda,"Camveda Pure Camphor Slabs 500g I 100% Pure Camphor, No Chemicals, Toxin free (Single Pack)",₹710,4.0,66,https://www.amazon.in/Camveda-Camphor-Slabs-Camphor-Zipper/dp/B0912TRV8Y/ref=sr_1_55?keywords=camphor&qid=1692427358&sr=8-55
47,Seer,"Seer Secrets 100% Natural Amla & Camphor Hair Oil|Anti-Hair Fall, Dandruff |Provides Strength, Softness & Shine with Sesame|Suitable for Men & Women|Pack of 200ML",₹289,4.2,664,https://www.amazon.in/Seer-Secrets-Anti-Hair-Anti-Dandruff-Shikhakai/dp/B07ZF3JV8B/ref=sr_1_56?keywords=camphor&qid=1692427358&sr=8-56
48,Riddhi,Riddhi Siddhi Saraswati Natural Organic Camphor Kapoor Tablets (50gm*4pc),₹380,4.6,(5),https://www.amazon.in/Saraswati-Natural-Organic-Camphor-Tablets/dp/B094H8V2HN/ref=sr_1_53?keywords=camphor&qid=1692427360&sr=8-53
49,ILT,"ILT Retail - (50gms/135 Tablets Approx) Pure Camphor | Kapur | Kapoor | Kapooram Tablets | Karpooram for Puja, Aarti, Havan, Yoga Kapoor Dani, Diffuser, Air Purifier, Mosquito - Insect Repellent",₹79,3.4,(6),https://www.amazon.in/ILT-Retail-Kapooram-Karpooram-Repellent/dp/B0B53HJGZ8/ref=sr_1_54?keywords=camphor&qid=1692427360&sr=8-54
50,J.P.Perfumery,J.P.Perfumery Works 100% Pure Bhimseni Camphor - 100gm Pouch,₹169,,,https://www.amazon.in/J-P-Perfumery-Works-100-Bhimseni-Camphor/dp/B0CD2Q13QT/ref=sr_1_55?keywords=camphor&qid=1692427360&sr=8-55
51,Heilen,Heilen Biopharm Camphor (Cinnamomum camphora) Essential Oil For Aromatheraphy & Insect Repellent - 15 mL Per Bottle Pack of 1,₹149,3.3,(6),https://www.amazon.in/Heilen-Biopharm-Essential-Cinnamomum-Camphora/dp/B07L4TFMYF/ref=sr_1_56?keywords=camphor&qid=1692427360&sr=8-56
52,GANESH,GANESH PURE CAMPHOR Tablet 100 G JAR (Available in 4 Shapes) - Oval Shape,₹165,5.0,(3),https://www.amazon.in/GANESH-PURE-CAMPHOR-Tablet-Available/dp/B0C9J5DDMB/ref=sr_1_57?keywords=camphor&qid=1692427360&sr=8-57
53,Mangalam,"Mangalam CamPure Camphor Cone (Lavender) Pack Of 4 - Room, Car and Air Freshener & Mosquito Repellent",₹764.,4.1,(301),https://www.amazon.in/Mangalam-CamPure-Camphor-Cone-Lavender/dp/B082Y9Z68B/ref=sr_1_58?keywords=camphor&qid=1692427360&sr=8-58
54,Shivganga,Shivganga Bhimseni Camphor Packet I 100% Pure isoborneol Flakes (bhimseni Camphor) (100 Gram),₹220,4.6,(16),https://www.amazon.in/Shivganga-Bhimseni-Camphor-isoborneol-bhimseni/dp/B0BYKZ4C69/ref=sr_1_59?keywords=camphor&qid=1692427360&sr=8-59
55,camveda,"camveda Pure Camphor Tablets 100g (Jar) | Premium Camphor | Camphor/Kapoor for Pooja, Hawan, Air Freshener | Pure & Pleasant Fragrance for Aromatheraphy & Meditation- Single Pack",₹195,4.0,(64),https://www.amazon.in/Camveda-Premium-Camphor-Original-Reusable/dp/B0B4P7H9DB/ref=sr_1_60?keywords=camphor&qid=1692427360&sr=8-60
56,Urban,"Urban Platter Pure Camphor Flakes, 150g [Aromatic and Healing, Auspicious offering to Gods During Pujas or Havans]",₹495,4.3,(95),https://www.amazon.in/Urban-Platter-Kapooram-Consumption-Auspicious/dp/B07BL1FG38/ref=sr_1_61?keywords=camphor&qid=1692427360&sr=8-61
57,Camveda,"Camveda Pure Bhimseni Camphor Kapoor/Kapur Jar 50g (Pouch) | 100 % Pure Camphor | Purifying & Pleasant Fragrance for Pooja, Hawan, Air Freshener | Unadulterated Camphor- Bhimseni Camphor- Single Pack",₹145,4.0,(56),https://www.amazon.in/Camveda-Camphor-Bhimseni-Camphor-CAMPHOR/dp/B09QCYB4TV/ref=sr_1_62?keywords=camphor&qid=1692427360&sr=8-62
58,AHOWA,"AHOWA Kapoor Dani/Camphor Diffuser with Night lamp and ON-Off Switch for Heating, Also Known as Oil Burner or Aroma Diffuser. Multi",₹299,3.3,(22),https://www.amazon.in/AHOWA-Camphor-Diffuser-Heating-Diffuser/dp/B0BT4XFQQV/ref=sr_1_63?keywords=camphor&qid=1692427360&sr=8-63
59,Junglelogy,"Junglelogy Natural Camphor Gel for Face, Hair and Body | With Plant Camphor, Tea Tree, Eucalyptus oil and Mexican Aloe Vera Gel | For Men and Women | Daily use gel for acne, scars, itchy scalp, dandruff, hydration",₹365,3.8,(16),https://www.amazon.in/Junglelogy-Natural-Eucalyptus-dandruff-hydration/dp/B0BVMMWTKK/ref=sr_1_64?keywords=camphor&qid=1692427360&sr=8-64
60,Mangalam,Mangalam Bhimseni Camphor Sandalwood 50 gm Jar - Pack of 1,₹150,4.2,(237),https://www.amazon.in/Mangalam-Bhimseni-Camphor-Sandalwood-Jar/dp/B09XX99X4T/ref=sr_1_65?keywords=camphor&qid=1692427360&sr=8-65
61,ARTNTIQUE,"ARTNTIQUE Electric Diffuser Lamp | Camphor Diffuser Electric for Essential Oil | Aroma Diffuser Camphor for Home, Office Electronic | Kapoordani",₹380,3.2,(45),https://www.amazon.in/ARTNTIQUE-Diffuser-Camphor-Electronic-Kapoordani/dp/B0B5HPZWCX/ref=sr_1_66?keywords=camphor&qid=1692427360&sr=8-66
62,Bhimseni,Bhimseni Camphor Original 100 Grams Bhimseni Kapoor for Pooja Hawans KAPUR,₹199,4.7,(5),https://www.amazon.in/Bhimseni-Camphor-Original-Kapoor-Hawans/dp/B0BVKF9CLX/ref=sr_1_67?keywords=camphor&qid=1692427360&sr=8-67
63,FreshDcart,"FreshDcart FDCA493 Original Natural Cedar Wood Blocks | Camphor Wood Stick | Aromatic Cedar Blocks | Clothes Protection Storage Accessories | Drawers Freshener for Cockroaches, Shoes (Set of 5)",₹299,3.0,(1),https://www.amazon.in/FreshDcart-FDCA493-Protection-Accessories-Cockroaches/dp/B0BYSY9HXM/ref=sr_1_68?keywords=camphor&qid=1692427360&sr=8-68
64,Mangalam,"Mangalam CamPure Camphor Cone (Sandalwood) Pack Of 4 - Room, Car and Air Freshener & Mosquito Repellent",₹763,4.3,(648),https://www.amazon.in/Mangalam-CamPure-Sandalwood-Camphor-Cone/dp/B07P9BGBHS/ref=sr_1_73?keywords=camphor&qid=1692427360&sr=8-73
65,MANGALAM,MANGALAM Rohak Camphor Sambrani Cup - 12 Units,₹250,3.0,(1),https://www.amazon.in/MANGALAM-Rohak-Sambrani-Cup-Pack/dp/B0BLZD3DR3/ref=sr_1_74?keywords=camphor&qid=1692427360&sr=8-74
66,Aromahpure,"Aromahpure Camphor Cube | Pack of 2| Bhimseni & French Coffee Fragrance | 45 Days Last Long| 100% Pure & Organic Camphor Cube for Car, Room, Bathroom & Air Freshener",₹400,5.0,(1),https://www.amazon.in/Aromahpure-Bhimseni-Fragrance-Bathroom-Freshener/dp/B0C1JVZ2PT/ref=sr_1_75?keywords=camphor&qid=1692427360&sr=8-75
67,Mangalam,Mangalam CamPure Camphor Soap - Soft & Fresh (Pack of 4),₹300,3.9,"(1,210)",https://www.amazon.in/Mangalam-Cam-Camphor-Soap-Pack/dp/B07P7C218J/ref=sr_1_76?keywords=camphor&qid=1692427360&sr=8-76
68,Shubhkart,Shubhkart Surabhi Pure Camphor Standee Pouch (Pure Kapoor 200g),₹299,4.2,(7),https://www.amazon.in/Shubhkart-Surabhi-Camphor-Standee-Kapoor/dp/B0B298QFJZ/ref=sr_1_77?keywords=camphor&qid=1692427360&sr=8-77
69,TRIMANTHAN,"TRIMANTHAN ORGANICS Bhimseni Kapoor (Bhimseni Camphor) Edible (100 GM) | 100% Pure Natural & Organic | Baras Kapoor | Pacha Karpooram | For Health, Pain, Meditation, Headaches, Insomnia, Pooja",₹280,4.3,(42),https://www.amazon.in/TRIMANTHAN-ORGANICS-Karpooram-Meditation-Headaches/dp/B09ZLL7638/ref=sr_1_78?keywords=camphor&qid=1692427360&sr=8-78
70,sri,"sri bhimseni -Pure,Organic,Edible, Baras,Certified &Original Bhimseni Camphor",₹100,4.1,(76),https://www.amazon.in/sri-bhimseni-Certified-Original-Bhimseni/dp/B0BT54RW8N/ref=sr_1_79?keywords=camphor&qid=1692427360&sr=8-79
71,Cycle,"Cycle Karpure Camphor Pouch Combo, for Closets, Bookshelves, Bags, Home & Office Use, Fragrance Lasts up to 45 Days",₹379,3.9,(11),https://www.amazon.in/Cycle-Karpure-Camphor-bookshelves-Fragrance/dp/B0BRQFHPQG/ref=sr_1_80?keywords=camphor&qid=1692427360&sr=8-80
72,Mangalam,Mangalam Camphor Pouch 250g Small Round,₹420,,,https://www.amazon.in/Mangalam-Camphor-Pouch-Small-Round/dp/B0C7R95T6K/ref=sr_1_81?keywords=camphor&qid=1692427360&sr=8-81
73,Saraswati,"Saraswati Camphor (pack of 4) Pooja Kapoor, Crystal Clear Kapoor, Natural Camphor, Kapur, Kapur Tablets For Pooja, Kapoor For Meditation, Camphor Diffuser, Indian Karpoor, Kapoor For Havan, Pooja Samagri, Home Aura Cleansing, Energy Cleansing, Relaxation, Spiritual Healing, Aromatherapy",₹260,,,https://www.amazon.in/Saraswati-Meditation-Cleansing-Relaxation-Aromatherapy/dp/B0B8B89H2Y/ref=sr_1_82?keywords=camphor&qid=1692427360&sr=8-82
74,Vedanum,"Vedanum Original Durga Kapoor 100% Pure Bhimseni Camphor for Pooja, Kapur Dani - Pack of 3 (100gm Each)",₹498,4.3,(79),https://www.amazon.in/Vedanum-Original-Kapoor-Bhimseni-Camphor/dp/B0B214TWSY/ref=sr_1_83?keywords=camphor&qid=1692427360&sr=8-83
75,Better,Better Buy Kapoor Dani Camphor Burner | Essential Oil Diffuser | Aroma Diffuse (Antique) | Multipurpose Direct Plug in Mini Magic Wooden Electric Incense Burner,₹189,4.2,(187),https://www.amazon.in/Better-Kapoor-Electrical-Diffuser-Diffuser/dp/B092VLZ8HH/ref=sr_1_84?keywords=camphor&qid=1692427360&sr=8-84
76,Cycle,"Cycle Karpure Bhimseni Karpur, 100% Pure Camphor - Total 100Gm",₹256,3.9,(11),https://www.amazon.in/Cycle-Karpure-Bhimseni-Karpur-Camphor/dp/B0BS97TG3V/ref=sr_1_85?keywords=camphor&qid=1692427360&sr=8-85
77,THE,"THE NILGIRIS EUCALYPTUS OIL & ESSENTIAL OILS DISTILLERY Ooty, Camphor oil – 200 ml",₹360,4.1,"(1,668)",https://www.amazon.in/NILGIRIS-EUCALYPTUS-ESSENTIAL-OILS-DISTILLERY/dp/B08FRMVM16/ref=sr_1_86?keywords=camphor&qid=1692427360&sr=8-86
78,RPR,"RPR Organic Bhimseni Camphor Flakes, 500g X 1 Jar, Transparent White","₹1,144",3.7,(45),https://www.amazon.in/RPR-Organic-Bhimseni-Camphor-Transparent/dp/B08N1G7PZN/ref=sr_1_87?keywords=camphor&qid=1692427360&sr=8-87
79,Saraswati,Saraswati Camphor Slab (500 gm),₹699,4.2,(12),https://www.amazon.in/Saraswati-Camphor-Slab-500-gm/dp/B09C6JR4KH/ref=sr_1_88?keywords=camphor&qid=1692427360&sr=8-88
80,DS,DS CREATIONS Bhimseni Energised Camphor 100GM | Isoborneol Flakes Kapoor | White Crystal Camphor |100% Pure Natural | Original Bhimseni Desi Kapoor | Bhimseni Camphor for Remove Negativity,₹220,4.1,(10),https://www.amazon.in/DS-CREATIONS-Energised-Isoborneol-Negativity/dp/B0BDS1WSNV/ref=sr_1_89?keywords=camphor&qid=1692427360&sr=8-89
81,Deve,Deve Herbes Pure Camphor Essential Oil (Cinnamomum camphora) with Glass Dropper Steam Distilled 15ml,₹249,3.4,(10),https://www.amazon.in/Deve-Herbes-Cinnamomum-Therapeutic-GradeSteam/dp/B07FVR75LY/ref=sr_1_90?keywords=camphor&qid=1692427360&sr=8-90
82,Shri,Shri Ganesh Premium Camphor Tablets 1KG (500g X 2 Jars),"₹1,360",4.2,(177),https://www.amazon.in/SHRI-GANESH-PREMIUM-CAMPHOR-Organic/dp/B077BVTC75/ref=sr_1_91?keywords=camphor&qid=1692427360&sr=8-91
83,KWIZEAN,KWIZEAN Night lamp Kapoor Dani/Aroma Oil Burner/Camphor Burner/Incense Holder/Electric Kapur Burner for god Pooja Healthy Living/Home Fragrance-Ganesha- Pack 1,₹299,3.5,(33),https://www.amazon.in/KWIZEAN-Camphor-Incense-Electric-Fragrance-Ganesha/dp/B0C7MDWTX5/ref=sr_1_92?keywords=camphor&qid=1692427360&sr=8-92
84,Shubhkart,Shubhkart Nirmal Swastik Saffron Oud Camphor Pod - 60gm,₹149,4.4,(4),https://www.amazon.in/Shubhkart-Nirmal-Swastik-Saffron-Camphor/dp/B0B9MJHZKV/ref=sr_1_93?keywords=camphor&qid=1692427360&sr=8-93
85,Collectible,Collectible India Brass Camphor Diffiuser - Diya Oil Lamp for Home - Aroma Diffuser,₹620,3.6,(146),https://www.amazon.in/Collectible-India-Brass-Diffuser-19-23/dp/B075WWKWPT/ref=sr_1_94?keywords=camphor&qid=1692427360&sr=8-94
86,AyuhHerbs-,AyuhHerbs- Edible Camphor | *THAAL Kapur* | Upper Quality than Bhimseni Kapur | 250g,₹685,5.0,(3),https://www.amazon.in/AyuhHerbs-Edible-Camphor-Quality-Bhimseni/dp/B0C69TVWWG/ref=sr_1_95?keywords=camphor&qid=1692427360&sr=8-95
87,RPR,"RPR Organic Desi Camphor Flakes, 250g X 1 Jar, Transparent White",₹578,4.0,(96),https://www.amazon.in/RPR-Organic-Bhimseni-Camphor-Transparent/dp/B08PL1TSYL/ref=sr_1_96?keywords=camphor&qid=1692427360&sr=8-96
88,Aromahpure,"Aromahpure Camphor Cube | Pack of 2| Original & Joyous Jasmine Fragrance | 45 Days Last Long| 100% Pure & Organic Camphor Cube for Car, Room, Bathroom & Air Freshener",₹338,3.9,(44),https://www.amazon.in/Aromahpure-Camphor-Cube-Bathroom-Fresheners/dp/B0B6C2N4R4/ref=sr_1_97?keywords=camphor&qid=1692427360&sr=8-97
89,Naturalis,Naturalis Essence of Nature Water Soluble Natural Camphor Essential Oil Suitable for Floor Cleaning and Room Spray 250ml,₹567,5.0,(3),https://www.amazon.in/Naturalis-Essence-Nature-Essential-Suitable/dp/B08RCNNR3K/ref=sr_1_98?keywords=camphor&qid=1692427360&sr=8-98
90,Prarthana,"Prarthana Camphor, White, 100 Gram",₹193.,4.3,(69),https://www.amazon.in/Prarthana-Invictus_EAN_IJADACDCGDBBC_GM-Camphor-100-g/dp/B0751FHYR5/ref=sr_1_99?keywords=camphor&qid=1692427360&sr=8-99
91,Jyothi,Jyothi Camphor Tablet (100 gm X Pack of 1) Pooja Kapoor Karpooram Soodam,₹190,4.1,(73),https://www.amazon.in/JYOTHI-Diffuser-Friendly-Karpooram-Devotional/dp/B08V8N26DV/ref=sr_1_100?keywords=camphor&qid=1692427360&sr=8-100
92,Camveda,"Camveda Pure Bhimseni Camphor Kapoor/Kapur Jar (100g) | 100% Pure Camphor Purifying & Pleasant Fragrance for Pooja, Hawan, Air Freshener | Unadulterated Camphor- Bhimseni Camphor- 100gm",₹245,4.2,(52),https://www.amazon.in/Bhimseni-Isoborneol-Jar-Camphor-Unadulterated/dp/B0B257Q2L1/ref=sr_1_101?keywords=camphor&qid=1692427360&sr=8-101
93,Ambawata,Ambawata Bhimseni Camphor Jar 250g,₹347,,,https://www.amazon.in/Ambawata-Bhimseni-Camphor-Jar-250g/dp/B0CD7QR33Z/ref=sr_1_102?keywords=camphor&qid=1692427360&sr=8-102
94,Mangalam,Mangalam Camphor Block 250g Pouch,₹300,5.0,(3),https://www.amazon.in/Mangalam-Camphor-Block-250g-Pouch/dp/B0BLLW3ZFG/ref=sr_1_103?keywords=camphor&qid=1692427360&sr=8-103
95,Mangalam,"Mangalam CamPure Camphor Cone (Original) Pack Of 8 - Room, Car and Air Freshener & Mosquito Repellent","₹1,481",4.5,(615),https://www.amazon.in/Mangalam-Campure-Camphor-Freshener-Mosquito/dp/B073W9R7MJ/ref=sr_1_104?keywords=camphor&qid=1692427360&sr=8-104
96,Ambawata,Ambawata Bhimseni Camphor Jar 250g,₹347,,,https://www.amazon.in/Ambawata-Bhimseni-Camphor-Jar-250g/dp/B0CD7QR33Z/ref=sr_1_101?keywords=camphor&qid=1692427361&sr=8-101
97,Mangalam,Mangalam Camphor Block 250g Pouch,₹300,5.0 out of 5 stars,(3),https://www.amazon.in/Mangalam-Camphor-Block-250g-Pouch/dp/B0BLLW3ZFG/ref=sr_1_102?keywords=camphor&qid=1692427361&sr=8-102
98,Mangalam,"Mangalam CamPure Camphor Cone (Original) Pack Of 8 - Room, Car and Air Freshener & Mosquito Repellent","₹1,481",4.5 out of 5 stars,(615),https://www.amazon.in/Mangalam-Campure-Camphor-Freshener-Mosquito/dp/B073W9R7MJ/ref=sr_1_103?keywords=camphor&qid=1692427361&sr=8-103
99,Pure,Pure Source India Ceramic Clay Candle Operated Aroma Burner (Black; 9 Cm),₹170,4.1 out of 5 stars,"(7,461)",https://www.amazon.in/Pure-Source-India-Regular-Ceramic/dp/B01DUJW4EW/ref=sr_1_104?keywords=camphor&qid=1692427361&sr=8-104
100,PANCIKAA,PANCIKAA Kapur Dani Electrical Camphor Diffuser,₹399,,,https://www.amazon.in/Pancikaa-Kapur-Electrical-Camphor-Diffuser/dp/B0B93JLVZL/ref=sr_1_105?keywords=camphor&qid=1692427361&sr=8-105
101,KAZIMA,KAZIMA Camphor Essential Oil - 100% Pure Natural & Undiluted For Skin care & Hair (30ml),₹249,3.7 out of 5 stars,(206),https://www.amazon.in/KAZIMA-Camphor-Essential-Oil-Undiluted/dp/B01N9RE1U2/ref=sr_1_106?keywords=camphor&qid=1692427361&sr=8-106
102,Shri,"Shri Ganesh Premium Camphor Bhimseni Camphor, 100g X 1 Container",₹230,4.2 out of 5 stars,(232),https://www.amazon.in/Shri-Ganesh-Premium-Camphor-Container/dp/B09B1QBKF6/ref=sr_1_107?keywords=camphor&qid=1692427361&sr=8-107
103,Agnijyot,"Agnijyot Pure Camphor Tablets, Shudh Kapoor, Puja Camphor (50 gram)",₹90,4.3 out of 5 stars,(27),https://www.amazon.in/Agnijyot-Camphor-Tablets-Shudh-Kapoor/dp/B09HN1JPVM/ref=sr_1_108?keywords=camphor&qid=1692427361&sr=8-108
104,Aromahpure,"Aromahpure Camphor Cube (Original + Sandalwood Pack of 2) – 100% Pure & Organic Camphor Cone for Car, Room And Bathroom Fresheners",₹389,4.3 out of 5 stars,(10),https://www.amazon.in/Aromahpure-Camphor-Cube-Original-Sandalwood/dp/B0B3S3HZ3B/ref=sr_1_109?keywords=camphor&qid=1692427361&sr=8-109
105,MADHUKUNJ,"MADHUKUNJ Pure Camphor Tablets, Shudh Kapoor, Puja Camphor || 50 tablets ||",₹55,3.5 out of 5 stars,(2),https://www.amazon.in/MADHUKUNJ-Camphor-Tablets-Kapoor-tablets/dp/B09MZ7GQCG/ref=sr_1_110?keywords=camphor&qid=1692427361&sr=8-110
106,Sai,"Sai 999 Camphor Tablet Jar(1000 Tablets * Pack Of 1) For Puja,Aarti,Meditation,Havan.",₹349,4.1 out of 5 stars,(13),https://www.amazon.in/Camphor-Tablet-Tablets-Meditation-Havan/dp/B09B2MGKQJ/ref=sr_1_111?keywords=camphor&qid=1692427361&sr=8-111
107,Camveda,"Camveda Pure Bhimseni Camphor Kapoor/Kapur Iso borneol Flakes 1Kg(500gmx2) | 100% Pure Bhimseni Camphor | Purifying & Pleasant Fragrance for Pooja, Hawan, Air Freshener- (Pack of 2)","₹1,699",4.7 out of 5 stars,(6),https://www.amazon.in/Bhimseni-Purifying-Pleasant-Fragrance-Freshener/dp/B0BPH1DFH7/ref=sr_1_112?keywords=camphor&qid=1692427361&sr=8-112
108,AuraCam,AuraCam Gold Standard Bhimseni Camphor (50 grams),₹150,5.0 out of 5 stars,(9),https://www.amazon.in/AuraCam-Standard-Bhimseni-Camphor-grams/dp/B0C699LFPS/ref=sr_1_113?keywords=camphor&qid=1692427361&sr=8-113
109,Bhimesheni,Bhimesheni Camphor Essential Oil Car Hanging Air Freshener - Energizing Aroma - Natural Stress Relief - Premium Car Accessory,₹175,1.0 out of 5 stars,(1),https://www.amazon.in/Bhimesheni-Camphor-Essential-Hanging-Freshener/dp/B0C543MSMT/ref=sr_1_114?keywords=camphor&qid=1692427361&sr=8-114
110,PP,PP Enterprises's Stainless Steel Metal Electric Kapoor Dani Stand Electric Incense Holder/Camphor Aroma Diffuser/Camphor and Aroma Burner/Bakhoor Dhupani Diffuser for Home Fragrance Pooja,₹229,3.0 out of 5 stars,(6),https://www.amazon.in/Enterprisess-Stainless-Electric-Diffuser-Fragrance/dp/B0CBVTXY8C/ref=sr_1_115?keywords=camphor&qid=1692427361&sr=8-115
111,Revwd,Revwd Kapoor Dani Electrical Camphor Diffuser Glass with On/Off Switch to Toggle Between Burner and Lamp (Fulpatti and Goti),₹399,3.9 out of 5 stars,"(1,549)",https://www.amazon.in/Revwd-Electrical-Diffuser-Essential-Diffuser/dp/B09X6Q8QV9/ref=sr_1_116?keywords=camphor&qid=1692427361&sr=8-116
112,(135,"(135 Tablets approx/50gms) Pure Camphor | Kapur | Kapoor | Kapooram Tablets | Karpooram for Puja, Aarti, Havan, Yoga Kapoor Dani, Diffuser, Air Purifier, Mosquito - Insect Repellent",₹79,5.0 out of 5 stars,(1),https://www.amazon.in/Kapooram-Karpooram-Diffuser-Purifier-Mosquito/dp/B0BT9DJXCN/ref=sr_1_121?keywords=camphor&qid=1692427361&sr=8-121
113,Agnirva,Agnirva Bhimsen Camphor Kapoor Kapur Organic Natural Pacha Karpooram Edible Camphor Isoborneol Flakes for Puja Havan Meditation Diffuser Aroma Therapy and Ayurvedic Medicinal Purpose (Pack of 1 Kg),"₹1,899",,,https://www.amazon.in/Karpooram-Isoborneol-Meditation-Diffuser-Ayurvedic/dp/B09Y2C6392/ref=sr_1_122?keywords=camphor&qid=1692427361&sr=8-122
114,VASUDHAM,VASUDHAM 100% Pure Camphor Tablets Organic Kapur for Aromatherapy and Daily Puja (60 Gram (pack of 1)),₹228,5.0 out of 5 stars,(11),https://www.amazon.in/VASUDHAM-Camphor-Tablets-Organic-Aromatherapy/dp/B0BX477PX6/ref=sr_1_123?keywords=camphor&qid=1692427361&sr=8-123
115,VASUDHAM,VASUDHAM 100% Pure Bhimseni Camphor Crystals Organic Kapur for Aromatherapy and Daily Puja (100 Gram Pack of 1),₹248,4.0 out of 5 stars,(16),https://www.amazon.in/VASUDHAM-Bhimseni-Camphor-Crystals-Aromatherapy/dp/B0BX45FGCV/ref=sr_1_124?keywords=camphor&qid=1692427361&sr=8-124
116,Mangalam,Mangalam Wooden Kapur Dani,₹230,1.0 out of 5 stars,(1),https://www.amazon.in/MANGALAM-Mangalam-Wooden-Kapur-Dani/dp/B0C71BMZ82/ref=sr_1_125?keywords=camphor&qid=1692427361&sr=8-125
117,GECKO,GECKO K17CAS 17 Keys Kalimba Camphor Wood with Bag Set,"₹3,230",4.3 out of 5 stars,(12),https://www.amazon.in/GECKO-K17CAS-Keys-Kalimba-Camphor/dp/B09SDW8LHC/ref=sr_1_126?keywords=camphor&qid=1692427361&sr=8-126
118,Saraswati,Saraswati Brand Crystal Clear Camphor/Kapoor Slab 100 GM,₹260,4.3 out of 5 stars,(72),https://www.amazon.in/Saraswati-Brand-Crystal-Camphor-Kapoor/dp/B08T7VYMZ9/ref=sr_1_127?keywords=camphor&qid=1692427361&sr=8-127
119,Crysalis,"Crysalis Camphor (Cinnamomum Camphora) Oil,100% Pure & Natural Undiluted Essential Oil Organic Standard For Skin & Hair Care-15ML With Dropper",₹436,5.0 out of 5 stars,(1),https://www.amazon.in/Crysalis-Cinnamomum-Undiluted-Essential-Therapeutic/dp/B09WKF52C3/ref=sr_1_128?keywords=camphor&qid=1692427361&sr=8-128
120,TENDULA,"TENDULA Kapoor Dani Camphor Diffuser for Home Bakhoor Burner Kapoor Diffuser for Home Kapoor Dani Electric Kapoor Dani Night lamp Electric Glass Incense Burner, Aroma Burner(Wood)",₹199,3.6 out of 5 stars,(25),https://www.amazon.in/TENDULA-Camphor-Diffuser-Bakhoor-Electric/dp/B0C37NC3S3/ref=sr_1_129?keywords=camphor&qid=1692427361&sr=8-129
121,Dabur,Dabur 100% Pure Camphor - 100g | Long Lasting Flame | Easy to Burn | Leaves No Residue & Ash | Natural & Therapeutic Properties | Shudh Premium Kapoor,₹300,4.1 out of 5 stars,(97),https://www.amazon.in/Dabur-100-Pure-Camphor-100/dp/B089T9BB5P/ref=sr_1_130?keywords=camphor&qid=1692427361&sr=8-130
122,Agnijyot,"Agnijyot Bhimseni Camphor Kapoor, Organic Camphor, Diffuser Camphor - 250 gm Jar",₹425,4.1 out of 5 stars,(129),https://www.amazon.in/Agnijyot-Bhimseni-Camphor-Organic-Diffuser/dp/B0993S1YC1/ref=sr_1_131?keywords=camphor&qid=1692427361&sr=8-131
123,Mangalam,"Mangalam CamPure Camphor Cone (Jasmine) Pack Of 2 - Room, Car and Air Freshener & Mosquito Repellent",₹368,4.1 out of 5 stars,(844),https://www.amazon.in/Mangalam-CamPure-Jasmine-Camphor-Cone/dp/B07PCHB5XN/ref=sr_1_132?keywords=camphor&qid=1692427361&sr=8-132
124,Dbell,Dbell | Kapur Dani Electrical Camphor Diffuser. Glass Kapoor Dani & Essential Oil Diffuser with On Off Switch to Toggle Between Burner & Lamp (Fulpati & Goti),₹299,3.6 out of 5 stars,(349),https://www.amazon.in/Dbell-Electrical-Diffuser-Essential-Diffuser/dp/B09LR56TYH/ref=sr_1_133?keywords=camphor&qid=1692427361&sr=8-133
125,Bhimseni,"Bhimseni camphor original 1kg | pacha karpooram original or bhimseni kapoor original camphor for pooja, bheemsen kapoor Arti, use for camphor diffuser electric (Bhimseni Camphor Original, 1 KG (500X2)","₹1,449",3.9 out of 5 stars,(80),https://www.amazon.in/Bhimseni-original-karpooram-bhimseni-bheemsen/dp/B0BTVYBJ4X/ref=sr_1_134?keywords=camphor&qid=1692427361&sr=8-134
126,CANDY,CANDY KART Wooden Electric Incense Burner | Kapoor Dani Camphor Burner | Essential Oil Diffuser | Aroma Diffuse (Antique),₹180,4.1 out of 5 stars,(258),https://www.amazon.in/CANDY-KART-Electric-Essential-Diffuser/dp/B0B631NX82/ref=sr_1_135?keywords=camphor&qid=1692427361&sr=8-135
127,Eabir Mayukh,Eabir Mayukh Wooden Electric Incense Burner | Kapoor Dani Camphor Burner | Lemon Grass 15 Ml Oil(Cylindrical),₹349,3.6 out of 5 stars,(42),https://www.amazon.in/Eabir-Mayukh-Electric-Incense-Essential-Diffuser/dp/B097GTXKLJ/ref=sr_1_136?keywords=camphor&qid=1692427361&sr=8-136
128,Mangalam,"Mangalam Campure Camphor Giant Cone (Original) Pack of 1 - Room, Car and Air Freshener & Mosquito Repellent",₹449.,4.3 out of 5 stars,(41),https://www.amazon.in/Mangalam-Campure-Camphor-Original-Giant/dp/B0B599SY2Q/ref=sr_1_137?keywords=camphor&qid=1692427361&sr=8-137
129,Camphor,Camphor Tree Kapoor Seed 10 SEED,₹199,,,https://www.amazon.in/Camphor-Tree-Kapoor-10-SEED/dp/B09HTFRG5H/ref=sr_1_138?keywords=camphor&qid=1692427361&sr=8-138
130,Pure,Pure Organic Bhimseni Camphor | Kapoor Aromatic and Healing Auspicious Offering to Gods During Pujas Or Havans (Pack of 250 Gram),₹789,4.4 out of 5 stars,(3),https://www.amazon.in/Pure-Organic-Camphor-250-Gram/dp/B0B2LTPZZP/ref=sr_1_139?keywords=camphor&qid=1692427361&sr=8-139
131,Shri,"Shri Ganesh Premium Camphor Tablets, 250g, Pack of 1",₹400,4.4 out of 5 stars,(185),https://www.amazon.in/Shri-Ganesh-Premium-Camphor-Transparent/dp/B08DMNL4BK/ref=sr_1_140?keywords=camphor&qid=1692427361&sr=8-140
132,SUKHNIDHI,"SUKHNIDHI Rosewood Electric Kapoor Dani Incense Holder Burner Plug Camphor Aroma Diffuser Kapoor Burner for Home, Office.",₹296,3.1 out of 5 stars,(15),https://www.amazon.in/SUKHNIDHI-Electric-Incense-Camphor-Diffuser/dp/B093H4SPZD/ref=sr_1_141?keywords=camphor&qid=1692427361&sr=8-141
133,BCCHEM,"BCCHEM 100% Pure Bhimseni camphor original for diwali pooja, Aroma therapy, havan | No residue |long lasting (500 gm)",₹599,3.6 out of 5 stars,(11),https://www.amazon.in/BCCHEM-Bhimseni-camphor-original-therapy/dp/B0BHF3P4PR/ref=sr_1_142?keywords=camphor&qid=1692427361&sr=8-142
134,Eabir Wooden,Eabir Wooden Electric Aroma Burner - Essential Oil and Aroma Burner-Camphor Aroma Diffuser - Kapur dani | Lemon Grass15 Ml Oil(Cylindrical),₹349,3.8 out of 5 stars,(20),https://www.amazon.in/Eabir-Wooden-Electric-Incense-Camphor-Essential/dp/B09FZGWRZ3/ref=sr_1_143?keywords=camphor&qid=1692427361&sr=8-143
135,Kriti,Kriti Life | Energized Camphor | Feng Shui | 500 grm,"₹1,300",,,https://www.amazon.in/Kriti-Life-Energized-Camphor-Feng/dp/B0CB1RF9NQ/ref=sr_1_144?keywords=camphor&qid=1692427361&sr=8-144
136,OotyMade.com,OotyMade.com Essence of Nature Camphor Essential Oil for Skin & Hair Care (100 ML),₹110,3.7 out of 5 stars,(17),https://www.amazon.in/OotyMade-com-Essence-Nature-Camphor-Essential/dp/B0BTYNB8Z9/ref=sr_1_145?keywords=camphor&qid=1692427361&sr=8-145
137,Tetraclean,Tetraclean Camphor Fragrance Aroma Oil Diffuser (250 ML),₹440,3.4 out of 5 stars,(327),https://www.amazon.in/Tetraclean-Camphor-Fragrance-Aroma-Diffuser/dp/B07DWZ5GRT/ref=sr_1_146?keywords=camphor&qid=1692427361&sr=8-146
138,YOUNG,"YOUNG CHEMIST Natural Undiluted Therapeutic Grade Camphor Essential Oil For Skin, Hair, Massage And Aromatherapy 250 ML",₹399,3.9 out of 5 stars,(56),https://www.amazon.in/Young-Chemist-Essential-Aromatherapy-Therapeutic/dp/B09K1M26JH/ref=sr_1_147?keywords=camphor&qid=1692427361&sr=8-147
139,Shubhkart,Shubhkart Nirmal Kesar Chandan and Kapoor Loban Agarbatti for Puja & Meditation Agarbatti Zipper - Long Sticks| Charcoal Free (Combo of 2)|Camphor Aroma|Sandalwood Fragrance,₹129,3.8 out of 5 stars,(181),https://www.amazon.in/Shubhkart-Nirmal-Chandan-Agarbatti-Meditation/dp/B0B9NK1TWB/ref=sr_1_148?keywords=camphor&qid=1692427361&sr=8-148
140,Crysalis,"Crysalis Camphor (Cinnamomum Camphora) Oil,100% Pure & Natural Undiluted Essential Oil Organic Standard For Skin & Hair Care-50ML With Dropper",₹479,4.3 out of 5 stars,(9),https://www.amazon.in/Camphor-Cinnamonutn-camphora-Undiluted-Essential/dp/B07PPTQ9RL/ref=sr_1_149?keywords=camphor&qid=1692427361&sr=8-149
141,Mangalam,Mangalam CamPure Air Freshener Spray (Combo) Pack of 4 - Original Camphor | Rose & Camphor | Jasmine & Camphor | Lemon & Camphor - Refreshing Fragrance - Repels Mosquitoes,₹740.,3.9 out of 5 stars,(437),https://www.amazon.in/Mangalam-CamPure-Freshener-Original-Camphor/dp/B07P41MBDM/ref=sr_1_150?keywords=camphor&qid=1692427361&sr=8-150
142,Agnirva,Agnirva Grade A Natural Organic Camphor Tablet Kapoor Tablets Brass KAPUR Tablet Desi Kapur Pachcha Karpooram for Puja Havan Meditation Diffuser and Medicinal Purpose 500 gm,₹499,2.4 out of 5 stars,(2),https://www.amazon.in/Agnirva-Karpooram-Meditation-Diffuser-Medicinal/dp/B097C7ZL6B/ref=sr_1_151?keywords=camphor&qid=1692427361&sr=8-151
143,OMJAI,OMJAI Bhimseni Camphor 50gm | 100% Pure Natural Camphor for Diffuser | Bhimseni Kapoor Original | Bhimseni Camphor Flakes | भीमसेनी कपूर | bhimsen kapur | भीमसेनी कापूर 50g (50gm x 1pc),₹149,,,https://www.amazon.in/OMJAI-Bhimseni-Camphor-Diffuser-Original/dp/B0C4YDCWYD/ref=sr_1_152?keywords=camphor&qid=1692427361&sr=8-152
144,Healthgenix,"Healthgenix Pure Camphor Powder - 100gm | Free Rose Water 60ml | Premium & Natural for Aarti, Pooja, Meditation & Diffuser |",₹329,5.0,3,https://www.amazon.in/Healthgenix-Pure-Camphor-Powder-Meditation/dp/B0BQHPFXN1/ref=sr_1_149?keywords=camphor&qid=1692427363&sr=8-149
145,SHARABANI,"SHARABANI Kapur Camphor Flakes karpooram karpuram Desi 150 Grams Pure Natural Organic Aromatic for Pooja, Meditation, Havan, Room Freshener, Mosquito Insect Repellent",₹349,,,https://www.amazon.in/SHARABANI-karpooram-Meditation-Freshener-Repellent/dp/B0BLZ2PS5G/ref=sr_1_150?keywords=camphor&qid=1692427363&sr=8-150
146,Saraswati,Saraswati Camphor Tablets (2 pack- 40 units ? 5 small tablets = 200 small tablets),₹210,4.7,9,https://www.amazon.in/Saraswati-Camphor-Tablets-pack-tablets/dp/B09DCFZWLK/ref=sr_1_151?keywords=camphor&qid=1692427363&sr=8-151
147,CamPure,"CamPure Camphor Cone (Original, Jasmine, Lavender, Mogra, Rose & Bhimseni) | Pack of 6 | Room, Car and Air Freshener & Mosquito Repellent","₹1,042",,,https://www.amazon.in/CamPure-Original-Lavender-Freshener-Repellent/dp/B0C1N9VJVS/ref=sr_1_152?keywords=camphor&qid=1692427363&sr=8-152
148,Karomouj,"Karomouj KMA492 Anti Bugs Natural Camphor Wooden Stick | Camphor Deodorant Stick with Aromatic Fragrance | Eco-Friendly Wood Repels Insects for Cockroaches Bugs, Clothes, Shoes, Kitchen (Set of 5)",₹259,,,https://www.amazon.in/KMA492-Deodorant-Fragrance-Eco-Friendly-Cockroaches/dp/B0BYSW86K7/ref=sr_1_153?keywords=camphor&qid=1692427363&sr=8-153
149,Mangalam,Mangalam Camphor Slab 250g Pouch,₹250,,,https://www.amazon.in/Mangalam-Camphor-Slab-250g-Pouch/dp/B0BLLXS322/ref=sr_1_154?keywords=camphor&qid=1692427363&sr=8-154
150,Omm,Omm Camphor Bhimseni Camphor Jar (500g),₹629,4.5,5,https://www.amazon.in/Omm-Camphor-Bhimseni-Jar-500g/dp/B0B35Y3DL3/ref=sr_1_155?keywords=camphor&qid=1692427363&sr=8-155
151,Jagannath,"Jagannath Camphor Tablets For Puja (20 Gm, White)",,,,https://www.amazon.in/Jagannath-Camphor-Tablets-Puja-White/dp/B0CB659X73/ref=sr_1_156?keywords=camphor&qid=1692427363&sr=8-156
152,Prarthana,"Prarthana Camphor, 50 g",₹109,4.2,78,https://www.amazon.in/Prarthana-Invictus_EAN_IJADACDCGDBAF_GM-Camphor-50-g/dp/B0751FHRVP/ref=sr_1_157_f3_0o_fs?keywords=camphor&qid=1692427363&sr=8-157
153,Vasudev,"Vasudev Pure Camphor | Kapur | Kapoor | Kapooram Tablets for Puja, Aarti, Havan, Meditation, Yoga Kapoor Dani, Diffuser, Air Purifier, Mosquito - Insect Repellent - 25 Gram",₹85,4.6,9,https://www.amazon.in/Vasudev-Kapooram-Meditation-Diffuser-Purifier/dp/B092TS2KX2/ref=sr_1_158?keywords=camphor&qid=1692427363&sr=8-158
154,Jai,"Jai Shri Ram Ji Kapoor Dani Electrical Camphor Diffuser Glass with On/Off Switch to Toggle Between Burner and Lamp M02 (Multi, Glass)",₹279,5.0,1,https://www.amazon.in/Electrical-Camphor-Diffuser-Between-M02/dp/B0CBCJXV6N/ref=sr_1_159?keywords=camphor&qid=1692427363&sr=8-159
155,ILT,"ILT Retail - Pure Camphor | Kapur | Kapoor | Kapooram Tablets | Karpooram for Puja, Aarti, Havan, Yoga Kapoor Dani, Diffuser, Air Purifier, Mosquito - Insect Repellent - 25gms (Approx 65 Tablets)",₹59,4.3,16,https://www.amazon.in/ILT-Retail-Camphor-Karpoor-Karpooram/dp/B0B4FZLL1C/ref=sr_1_160?keywords=camphor&qid=1692427363&sr=8-160
156,SHARABANI,"SHARABANI Kapur Camphor Flakes karpooram karpuram Desi 950 Grams Pure Natural Organic Aromatic for Pooja, Meditation, Havan, Room Freshener, Mosquito Insect Repellent","₹1,899",,,https://www.amazon.in/SHARABANI-karpooram-Meditation-Freshener-Repellent/dp/B0BLZ31FX5/ref=sr_1_161?keywords=camphor&qid=1692427363&sr=8-161
157,SRI,SRI Shyam Camphor Round Tablet Jar(White) Camphor Tablet jar 20gm x Pack of 4 for karpuram for puja/Meditation/organice Camphor,₹140,5.0,1,https://www.amazon.in/Camphor-Tablet-karpuram-Meditation-organice/dp/B0BVWMGNZR/ref=sr_1_162?keywords=camphor&qid=1692427363&sr=8-162
158,Vasudev,"Vasudev Natural Organic Isoborneol Flakes Brass Desi Bhimsen Camphor Flakes Kapur Edible Kapoor Pacha Karpooram for Puja, Havan, Meditation, Diffuser Purpose in Kapur Dani (25 gram)",₹95,4.5,2,https://www.amazon.in/Vasudev-Isoborneol-Karpooram-Meditation-Diffuser/dp/B0B82S47M1/ref=sr_1_163?keywords=camphor&qid=1692427363&sr=8-163
159,Kriti,"Kriti Creations Feng Shui Energised Camphor (White, 1kg).","₹2,500",4.5,2,https://www.amazon.in/Kriti-Creations-Energised-Camphor-White/dp/B0BRSCBFKZ/ref=sr_1_164?keywords=camphor&qid=1692427363&sr=8-164
160,Agnirva,"Agnirva Grade A Natural Organic Kapoor Camphor Desi Kapur Pachcha Kapur Karpooram Dagadiya Kapur for Puja, Havan, Meditation, Diffuser and Medicinal Purpose Pack of 50 g",₹180,3.7,5,https://www.amazon.in/Agnirva-Karpooram-Dagadiya-Meditation-Medicinal/dp/B09PVMBM79/ref=sr_1_169?keywords=camphor&qid=1692427363&sr=8-169
161,Camveda,"Camveda Pure Camphor Tablets 500g (Jar) | Premium Camphor | Camphor/Kapoor for Pooja, Hawan, Air Freshener | Pure & Pleasant Fragrance For Aromatheraphy & Meditation- Single Pack",₹760,3.5,2,https://www.amazon.in/Freshener-Pleasant-Fragrance-Aromatheraphy-Meditation/dp/B0BWMNRZXQ/ref=sr_1_170?keywords=camphor&qid=1692427363&sr=8-170
162,Sri,Sri Rudra Camphor - Mudda Karpooram | Big Chunk Kapoor 150gms - Pack of 3 (50gms * 3),₹359,4.4,3,https://www.amazon.in/Rudra-Camphor-Mudda-Karpooram-50gms/dp/B093GS7SK6/ref=sr_1_171?keywords=camphor&qid=1692427363&sr=8-171
163,Shri,Shri Ganesh Premium Bhimseni Camphor (250g X 1 Jar) ((250g X1 Jar with Camphor Diffuser)),₹750,3.5,2,https://www.amazon.in/Shri-Ganesh-Premium-Bhimseni-Camphor/dp/B0BZF7CKM2/ref=sr_1_172?keywords=camphor&qid=1692427363&sr=8-172
164,"""Shudh","""Shudh Aroma Premium Desi Bhimseni Camphor | Kapur | Kapoor | Pacha Karpooram -Kappuram for Pooja, Meditation, Havan, Room Freshener, Mosquito - Insect Repellent - 25 gram",₹90,3.7,30,https://www.amazon.in/SA-Shudh-Aroma-Bhimseni-Meditation/dp/B08CT328F1/ref=sr_1_173?keywords=camphor&qid=1692427363&sr=8-173
165,TIRA,"TIRA Original and Pure 500 gm Pacha Karpooram | Bhimseni Kapoor | Edible Camphor | Aromatic for Pooja, Meditation, Havan, Room Freshener, rose chunks",₹750,,,https://www.amazon.in/TIRA-Original-Karpooram-Meditation-Freshener/dp/B0CBQJG3TB/ref=sr_1_174?keywords=camphor&qid=1692427363&sr=8-174
166,Leo,"Leo Persica Night lamp Kapoor dani Ceramic Incense Aroma Burner,Kapoordani Diya/Dhoop Dani/Electric kapurdani/Camphor Diffuser Steel Ceramic for Home,Office (Camphor Tab Not Included) (Ganesh)",₹399,5.0,3,https://www.amazon.in/Leo-Persica-Kapoordani-Electric-kapurdani/dp/B0C5N5PKVY/ref=sr_1_175?keywords=camphor&qid=1692427363&sr=8-175
167,DND,DND Flash Camphor Mosquito Repellent Refill | 100% Organic | Powered by Ayurveda | Healing Aroma of Camphor | Liquid Vaporiser | Pack of 6-45ml Each,₹332,3.2,6,https://www.amazon.in/DND-Mosquito-Repellent-Ayurveda-Vaporiser/dp/B0BZP5GSKD/ref=sr_1_176?keywords=camphor&qid=1692427363&sr=8-176
168,Nandini,"Nandini Pure Camphor Tablets 25g (Jar) | Premium Camphor | Camphor/Kapoor for Pooja, Hawan, Air Freshener | Pure & Pleasant Fragrance",₹70,5.0,1,https://www.amazon.in/Nandini-Camphor-Freshener-Pleasant-Fragrance/dp/B0BZHLNLXN/ref=sr_1_177?keywords=camphor&qid=1692427363&sr=8-177
169,Devinez,"Devinez Camphor + Fancy Flora (Denim) Cooler Perfume, 30ml each",₹505,,,https://www.amazon.in/Devinez-Camphor-Fancy-Cooler-Perfume/dp/B01FDS52SI/ref=sr_1_178?keywords=camphor&qid=1692427363&sr=8-178
170,Gurushraddha®,Gurushraddha® Bhimseni Camphor Brass Desi Pure Kapoor Baras Kapur Original Organic Natural Barash Jain Aarti Pacha Karpooram Bhimsen Kapuram (100 Gm.Packing*2) (200gm),₹499,5.0,1,https://www.amazon.in/Gurushraddha%C2%AE-Bhimseni-Original-Karpooram-Gm-Packing/dp/B0BG98BLMC/ref=sr_1_179?keywords=camphor&qid=1692427363&sr=8-179
171,Shubhkart,Shubhkart Nirmal Bhakti Fresh Marigold Camphor Pod - 60gm,₹168,1.0,1,https://www.amazon.in/Shubhkart-Nirmal-Bhakti-Marigold-Camphor/dp/B0B9MKGKMG/ref=sr_1_180?keywords=camphor&qid=1692427363&sr=8-180
172,Odonil,"Odonil Bathroom Air Freshner Blocks Mixed Fragrances - 192g (48g*4) | Mixed Fragrances: Jasmine, Lavender, Orchid, Rose| Long Lasting Fragrance | Lasts upto 30 days",₹173,4.2,22.7K+,https://www.amazon.in/Odonil-Blocks-50gm-Mix/dp/B00KIMHR0Q/ref=sr_1_181?keywords=camphor&qid=1692427363&sr=8-181
173,Nytarra,"Nytarra Air Purifying Pure Camphor for Pooja, Natural Aromatic Kapoor for Havan Puja and Diffuser, Leaves No Residue or Ashes, Daily Use Kapur/Karpooram for Healing Therapy (Pack of 1)",₹750,4.4,12,https://www.amazon.in/Nytarra-Purifying-Camphor-Kapoor-Karpooram/dp/B0B7F8BLTQ/ref=sr_1_182?keywords=camphor&qid=1692427363&sr=8-182
174,Victory,Victory Athisaya Smokeless Pooja Aarti Camphor | Burns Longer| Karpoor | No Smoke | Toxic Free (40g Pack) - Pack of 7,₹490,3.6,6,https://www.amazon.in/Victory-Athisaya-Smokeless-Camphor-Karpoor/dp/B0BSP28FCK/ref=sr_1_183?keywords=camphor&qid=1692427363&sr=8-183
175,Agnirva,"Agnirva Grade A Natural Organic Kapoor Camphor Kapur Brass Kapur Desi Kapur Pachcha Karpooram for Puja, Havan, Meditation, Diffuser and Medicinal Purpose (900 Gram)","₹2,099",3.0,2,https://www.amazon.in/Agnirva-Kapoor-Karpooram-Meditation-Medicinal/dp/B08L9P84JX/ref=sr_1_184?keywords=camphor&qid=1692427363&sr=8-184
176,Swaha,"Swaha Pure Camphor for Puja - 100% Pure Smokeless Camphor, No Residue, Ideal for Puja & Aarti Purposes 50grams - Pack of 1",₹99,,,https://www.amazon.in/Swaha-Pure-Camphor-Puja-Smokeless/dp/B0BMKY23QT/ref=sr_1_185?keywords=camphor&qid=1692427363&sr=8-185
177,Natural,"Natural Organic Kapoor 25g | Desi Camphor Brass Desi Kapur | Desi Kapoor | Khanewala Karpooram for Puja, Havan | Meditation, Diffuser Purpose | Camphor Flakes |Rock Camphor (25)",₹59,,,https://www.amazon.in/Camphor-Khanewala-Karpooram-Meditation-Rock/dp/B0CCL4923W/ref=sr_1_186?keywords=camphor&qid=1692427363&sr=8-186
178,Cleno,"Cleno Herbal Lizard Repellent Spray | Completely Herbal | Made with Camphor, Lavender Oil & Eucalyptus Oil | Eco-friendly & Biodegradable | Chemical-Free |Baby-Safe, Skin-Safe – 450ml (Ready to Use)",₹289,3.4,779,https://www.amazon.in/Cleno-Completely-Eco-friendly-Biodegradable-Chemical-Free/dp/B09DSHQ8PF/ref=sr_1_187?keywords=camphor&qid=1692427363&sr=8-187
179,PANCIKAA,PANCIKAA Kapur Dani Electrical Camphor Diffuser Ceramic Incense Holder Set,₹399,,,https://www.amazon.in/Pancikaa-Electrical-Camphor-Diffuser-Ceramic/dp/B0B93CLJML/ref=sr_1_188?keywords=camphor&qid=1692427363&sr=8-188
180,Saraswati,Saraswati Camphor Round Tablet (Kapoor) Slab of 500GM Pack,₹699,1.0,1,https://www.amazon.in/Saraswati-Camphor-Round-Tablet-Kapoor/dp/B0C8JKXYLQ/ref=sr_1_189?keywords=camphor&qid=1692427363&sr=8-189
181,Mangalam,"Mangalam Celebration Box – Camphor Tablet 250g Jar, Bhimseni Camphor 250g Jar & Kapoor Dani","₹1,252.",3.9,27,https://www.amazon.in/Mangalam-Celebration-Box-Camphor-Bhimseni/dp/B0B59CY6TT/ref=sr_1_190?keywords=camphor&qid=1692427363&sr=8-190
182,Masso,Masso Pansari - Bhimseni camphor original - Pacha Karpooram Camphor for Pooja - Kapoor - Karpooram (10),₹190,,,https://www.amazon.in/Masso-Pansari-Bhimseni-original-Karpooram/dp/B0CBCKDLH9/ref=sr_1_191?keywords=camphor&qid=1692427363&sr=8-191
183,PALASH,"PALASH Pure Camphor | Kapur | Kapoor Tablets Jar for for Diffuser, Pooja, Meditation (25 gm X 1 Jar)",₹85,4.2,154,https://www.amazon.in/PALASH-Camphor-Tablets-Diffuser-Meditation/dp/B08TQVLN1Y/ref=sr_1_192?keywords=camphor&qid=1692427363&sr=8-192
184,Bhimseni,"Bhimseni Kapoor 100gms, Original Camphor, Organic Kapur, Pacha Kapoor, karpooram Isoborneol Flakes",₹236,5.0,2,https://www.amazon.in/Bhimseni-Original-Camphor-karpooram-Isoborneol/dp/B0C2Z2PTBS/ref=sr_1_193?keywords=camphor&qid=1692427363&sr=8-193
185,NEERAJ,NEERAJ – Bhimseni Camphor green Kapoor baras Kapur crystals karpura pacha Kapoor for Pooja Aarti Meditation – 100 Gm,₹235,4.3,371,https://www.amazon.in/Neeraj-Traders-Bhimseni-Indian-Karpoor/dp/B01N1OGMR0/ref=sr_1_194?keywords=camphor&qid=1692427363&sr=8-194
186,Camveda,Camveda Pure Camphor Tablets- 200GM(100x2) - Camphor/Kapoor/Kapur for Pooja - Leaves No Residue or Ashes - (100gm Pack of 2),₹350,3.9,48,https://www.amazon.in/Camveda-Camphor-Tablets-RESIDUE-Camphor/dp/B091YX7Y52/ref=sr_1_195?keywords=camphor&qid=1692427363&sr=8-195
187,Puyangam,"Puyangam Original and Pure Pacha Karpooram | Bhimseni Kapoor | Edible Camphor | Aromatic for Pooja, Meditation, Havan, Room Freshener, Mosquito Insect Repellent (75 gm)",₹275,4.8,12,https://www.amazon.in/Puyangam-Original-Karpooram-Bhimseni-Camphor/dp/B09VY15J6X/ref=sr_1_196?keywords=camphor&qid=1692427363&sr=8-196
188,CamPure,"CamPure Camphor Cone (Original, Jasmine, Mogra, Sandalwood, Rose & Bhimseni) | Pack of 6 | Room, Car and Air Freshener & Mosquito Repellent","₹1,042",,,https://www.amazon.in/CamPure-Original-Sandalwood-Freshener-Repellent/dp/B0C1SLCNVW/ref=sr_1_197?keywords=camphor&qid=1692427363&sr=8-197
189,Manglam,Manglam 100% Pure Camphor Tablet 50g,₹95,,,https://www.amazon.in/Manglam-100-Pure-Camphor-Tablet/dp/B0CFLVNZRP/ref=sr_1_198?keywords=camphor&qid=1692427363&sr=8-198
190,Brij,"Brij Sugandha Bhimseni Indian Kapur Powder- Pure Natural Camphor Flakes/Karpur Kapoor for Diffuser by The Kanha Store (White , 150 GM)",₹379,4.9,10,https://www.amazon.in/Brij-Sugandha-Bhimseni-Powder-Diffuser/dp/B089FQG94M/ref=sr_1_199?keywords=camphor&qid=1692427363&sr=8-199
191,Cycle,Cycle Karpure Camphor Premium Vapouriser with Pet jar Camphor Box (52 Nos.) Pure Camphor Vapors,₹559,2.5,4,https://www.amazon.in/Cycle-Karpure-Camphor-Premium-Vapouriser/dp/B0BS3MPCZ1/ref=sr_1_200?keywords=camphor&qid=1692427363&sr=8-200
192,Aatiutik,Aatiutik Ceramic Kapur Dani | Electrical Camphor Diffuser | Kapoor Dani & Essential Oil Diffuser with On Off Switch to Switch Between Burner & Lamp | Night Lamp Light with 1 Rose Aroma Oil 10ml,₹437,4.1,5,https://www.amazon.in/Aatiutik-Ceramic-Electrical-Diffuser-Essential/dp/B09C4NMRLH/ref=sr_1_197?keywords=camphor&qid=1692427364&sr=8-197
193,Old,Old Lhasa: A Biography,₹149,,,https://www.amazon.in/Old-Lhasa-Biography-M-Aldrich-ebook/dp/B0BSVVNT2K/ref=sr_1_198?keywords=camphor&qid=1692427364&sr=8-198
194,Camphor,Camphor In Japan And In Formosa,"₹2,258",,,https://www.amazon.in/Camphor-Formosa-Charles-Archibald-Mitchell/dp/B0BQJPWV93/ref=sr_1_199?keywords=camphor&qid=1692427364&sr=8-199
195,PANCIKAA,PANCIKAA Kapur Dani Electrical Camphor Diffuser Combo of Ceramic Incense Holder Set (Multicolor) and 15 ML Aroma Oil (Multicolor) (Blue),₹489,2.8,2,https://www.amazon.in/Pancikaa-Electrical-Camphor-Diffuser-Multicolor/dp/B09FLGNNNT/ref=sr_1_200?keywords=camphor&qid=1692427364&sr=8-200
196,Prarthana,"Prarthana Camphor, White, 100 Gram",₹193.,4.3,69,https://www.amazon.in/Prarthana-Invictus_EAN_IJADACDCGDBBC_GM-Camphor-100-g/dp/B0751FHYR5/ref=sr_1_201?keywords=camphor&qid=1692427364&sr=8-201
197,Camveda,"Camveda Pure Bhimseni Camphor Kapoor/Kapur Jar 50g (Pouch) | 100 % Pure Camphor | Purifying & Pleasant Fragrance for Pooja, Hawan, Air Freshener | Unadulterated Camphor- Bhimseni Camphor- Single Pack",₹145,4.0,56,https://www.amazon.in/Camveda-Camphor-Bhimseni-Camphor-CAMPHOR/dp/B09QCYB4TV/ref=sr_1_202?keywords=camphor&qid=1692427364&sr=8-202
198,Ambawata,Ambawata Bhimseni Camphor Jar 250g,₹347,,,https://www.amazon.in/Ambawata-Bhimseni-Camphor-Jar-250g/dp/B0CD7QR33Z/ref=sr_1_203?keywords=camphor&qid=1692427364&sr=8-203
199,VASUDHAM,VASUDHAM 100% Pure Bhimseni Camphor Crystals Organic Kapur for Aromatherapy and Daily Puja (100 Gram Pack of 1),₹248,4.0,16,https://www.amazon.in/VASUDHAM-Bhimseni-Camphor-Crystals-Aromatherapy/dp/B0BX45FGCV/ref=sr_1_204?keywords=camphor&qid=1692427364&sr=8-204
200,AyuhHerbs-,AyuhHerbs- Edible Camphor | *THAAL Kapur* | Upper Quality than Bhimseni Kapur | 250g,₹685,5.0,3,https://www.amazon.in/AyuhHerbs-Edible-Camphor-Quality-Bhimseni/dp/B0C69TVWWG/ref=sr_1_205?keywords=camphor&qid=1692427364&sr=8-205
201,Aromahpure,"Aromahpure Camphor Cube (Original + Sandalwood Pack of 2) – 100% Pure & Organic Camphor Cone for Car, Room And Bathroom Fresheners",₹389,4.3,10,https://www.amazon.in/Aromahpure-Camphor-Cube-Original-Sandalwood/dp/B0B3S3HZ3B/ref=sr_1_206?keywords=camphor&qid=1692427364&sr=8-206
202,RPR,"RPR Organic Desi Camphor Flakes, 250g X 1 Jar, Transparent White",₹578,4.0,96,https://www.amazon.in/RPR-Organic-Bhimseni-Camphor-Transparent/dp/B08PL1TSYL/ref=sr_1_207?keywords=camphor&qid=1692427364&sr=8-207
203,Shrimadbhagvat,"Shrimadbhagvat Mahapuran, Volume-1 and 2, With Hindi Translation) Rangin Chitro wali (CODE-26,27) with free pocket Srimad Bhagavad Gita (Slokarth sahit) & roli-1/moli-1/ camphor-1pck-20gms","₹1,175",,,https://www.amazon.in/Shrimadbhagvat-Mahapuran-Translation-Bhagavad-camphor-1pck-20gms/dp/B0BQGJFQRZ/ref=sr_1_208?keywords=camphor&qid=1692427364&sr=8-208
204,Subhekshana,Subhekshana Metals&Crafts Kapoor | Karpoor .Diya. Deepam. Burner. Brass Karpuram Arati | Arathi Stand for Dhoop Puja | Pooja Camphor Dani Holder for Your Mandir Home & Office Decoration.,₹219,,,https://www.amazon.in/Subhekshana-Karpoor-Deepam-Karpuram-Decoration/dp/B0BMQQHC8W/ref=sr_1_209?keywords=camphor&qid=1692427364&sr=8-209
205,Shubhkart,Shubhkart Nirmal Swastik Saffron Oud Camphor Pod - 60gm,₹149,4.4,4,https://www.amazon.in/Shubhkart-Nirmal-Swastik-Saffron-Camphor/dp/B0B9MJHZKV/ref=sr_1_210?keywords=camphor&qid=1692427364&sr=8-210
206,The,The Teahouse of the August Moon,₹386,4.6,38,https://www.amazon.in/Teahouse-August-Moon-Vern-Sneider-ebook/dp/B07885DWJ2/ref=sr_1_211?keywords=camphor&qid=1692427364&sr=8-211
207,BLASBEAM,"BLASBEAM Multipurpose Kapoor Dani Night lamp Electric Incense Burner, Aroma Kapoor Dani, Electric Kapur Burner, Electric Dhoop Dani for Home,Office (Camphor Tablet NOT Included) DN-Yellow",₹399,,,https://www.amazon.in/BLASBEAM-Multipurpose-Electric-Included-DN-Yellow/dp/B0C9DSTDKD/ref=sr_1_212?keywords=camphor&qid=1692427364&sr=8-212
208,Kriti,Kriti Life | Energized Camphor | Feng Shui | 500 grm,"₹1,300",,,https://www.amazon.in/Kriti-Life-Energized-Camphor-Feng/dp/B0CB1RF9NQ/ref=sr_1_217?keywords=camphor&qid=1692427364&sr=8-217
209,Mangalam,"Mangalam CamPure Camphor Cone (Jasmine) Pack Of 2 - Room, Car and Air Freshener & Mosquito Repellent",₹368,4.1,844,https://www.amazon.in/Mangalam-CamPure-Jasmine-Camphor-Cone/dp/B07PCHB5XN/ref=sr_1_218?keywords=camphor&qid=1692427364&sr=8-218
210,Sai,"Sai 999 Camphor Tablet Jar(1000 Tablets * Pack Of 1) For Puja,Aarti,Meditation,Havan.",₹349,4.1,13,https://www.amazon.in/Camphor-Tablet-Tablets-Meditation-Havan/dp/B09B2MGKQJ/ref=sr_1_219?keywords=camphor&qid=1692427364&sr=8-219
211,SRI,SRI Shyam Camphor Round Tablet Jar(White) Camphor Tablet jar 20gm x Pack of 4 for karpuram for puja/Meditation/organice Camphor,₹140,5.0,1,https://www.amazon.in/Camphor-Tablet-karpuram-Meditation-organice/dp/B0BVWMGNZR/ref=sr_1_220?keywords=camphor&qid=1692427364&sr=8-220
212,Camveda,"Camveda Pure Bhimseni Camphor Kapoor/Kapur Jar (100g) | 100% Pure Camphor Purifying & Pleasant Fragrance for Pooja, Hawan, Air Freshener | Unadulterated Camphor- Bhimseni Camphor- 100gm",₹245,4.2,52,https://www.amazon.in/Bhimseni-Isoborneol-Jar-Camphor-Unadulterated/dp/B0B257Q2L1/ref=sr_1_221?keywords=camphor&qid=1692427364&sr=8-221
213,Bhimseni,"Bhimseni camphor original 1kg | pacha karpooram original or bhimseni kapoor original camphor for pooja, bheemsen kapoor Arti, use for camphor diffuser electric (Bhimseni Camphor Original, 1 KG (500X2)","₹1,449",3.9,80,https://www.amazon.in/Bhimseni-original-karpooram-bhimseni-bheemsen/dp/B0BTVYBJ4X/ref=sr_1_222?keywords=camphor&qid=1692427364&sr=8-222
214,Revwd,Revwd Kapoor Dani Electrical Camphor Diffuser Glass with On/Off Switch to Toggle Between Burner and Lamp (Fulpatti and Goti),₹399,3.9,"1,549",https://www.amazon.in/Revwd-Electrical-Diffuser-Essential-Diffuser/dp/B09X6Q8QV9/ref=sr_1_223?keywords=camphor&qid=1692427364&sr=8-223
215,Essential,Essential oils and their most important uses,₹0,5.0,1,https://www.amazon.in/Essential-oils-their-most-important-ebook/dp/B09P5QLH4M/ref=sr_1_224?keywords=camphor&qid=1692427364&sr=8-224
216,Mangalam,Mangalam Camphor Block 250g Pouch,₹300,5.0,3,https://www.amazon.in/Mangalam-Camphor-Block-250g-Pouch/dp/B0BLLW3ZFG/ref=sr_1_225?keywords=camphor&qid=1692427364&sr=8-225
217,CANDY,CANDY KART Wooden Electric Incense Burner | Kapoor Dani Camphor Burner | Essential Oil Diffuser | Aroma Diffuse (Antique),₹180,4.1,258,https://www.amazon.in/CANDY-KART-Electric-Essential-Diffuser/dp/B0B631NX82/ref=sr_1_226?keywords=camphor&qid=1692427364&sr=8-226
218,Agnijyot,"Agnijyot Bhimseni Camphor Kapoor, Organic Camphor, Diffuser Camphor - 250 gm Jar",₹425,4.1,129,https://www.amazon.in/Agnijyot-Bhimseni-Camphor-Organic-Diffuser/dp/B0993S1YC1/ref=sr_1_227?keywords=camphor&qid=1692427364&sr=8-227
219,Jyothi,Jyothi Camphor Tablet (100 gm X Pack of 1) Pooja Kapoor Karpooram Soodam,₹190,4.1,73,https://www.amazon.in/JYOTHI-Diffuser-Friendly-Karpooram-Devotional/dp/B08V8N26DV/ref=sr_1_228?keywords=camphor&qid=1692427364&sr=8-228
220,Crysalis,"Crysalis Camphor (Cinnamomum Camphora) Oil,100% Pure & Natural Undiluted Essential Oil Organic Standard For Skin & Hair Care-50ML With Dropper",₹479,4.3,9,https://www.amazon.in/Camphor-Cinnamonutn-camphora-Undiluted-Essential/dp/B07PPTQ9RL/ref=sr_1_229?keywords=camphor&qid=1692427364&sr=8-229
221,360feel,"360feel Bhim sen Camphor 500 gm Premium kapoor Kapur isoborneol karpur pacha karpooram flakes original desi Pure Natural Organic Aromatic for Pooja, Meditation, Havan, Room Freshener, mosquito insect Repellent","₹1,299",3.7,15,https://www.amazon.in/isoborneol-karpooram-Meditation-Freshener-Repellent/dp/B0B6RK8WK9/ref=sr_1_230?keywords=camphor&qid=1692427364&sr=8-230
222,Formosa,Formosa Betrayed,₹431,4.5,53,https://www.amazon.in/Formosa-Betrayed-George-H-Kerr-ebook/dp/B07LCQWVV7/ref=sr_1_231?keywords=camphor&qid=1692427364&sr=8-231
223,MADHUKUNJ,"MADHUKUNJ Pure Camphor Tablets, Shudh Kapoor, Puja Camphor || 50 tablets ||",₹55,3.5,2,https://www.amazon.in/MADHUKUNJ-Camphor-Tablets-Kapoor-tablets/dp/B09MZ7GQCG/ref=sr_1_232?keywords=camphor&qid=1692427364&sr=8-232
224,Collected,Collected Poems,"₹2,922",4.6,49,https://www.amazon.in/Collected-Poems-Robert-Bly/dp/0393652440/ref=sr_1_233?keywords=camphor&qid=1692427364&sr=8-233
225,Electric,"Electric Kapoor dani Incense Burner Aroma Oil Burner Kapoordani,Camphor Burner Diffuser Home Temple Pooja Prayer (Kapoor Dani)",₹225,,,https://www.amazon.in/Electric-Incense-Kapoordani-Camphor-Diffuser/dp/B0BGCKR545/ref=sr_1_234?keywords=camphor&qid=1692427364&sr=8-234
226,Camveda,"Camveda Pure Camphor Tablets 500g (Pouch) | Premium Camphor | Camphor/Kapoor for Pooja, Hawan, Air Freshener | Pure & Pleasant Fragrance for Aromatheraphy & Meditation- Single Pack",₹735,3.8,23,https://www.amazon.in/Camveda-Camphor-Kapur-500GM-Unadulterated-Original/dp/B0B24YYQTX/ref=sr_1_235?keywords=camphor&qid=1692427364&sr=8-235
227,Kriti,"Kriti Creations Feng Shui Energised Camphor (White, 1kg).","₹2,500",4.5,2,https://www.amazon.in/Kriti-Creations-Energised-Camphor-White/dp/B0BRSCBFKZ/ref=sr_1_236?keywords=camphor&qid=1692427364&sr=8-236
228,VASUDHAM,VASUDHAM 100% Pure Camphor Tablets Organic Kapur for Aromatherapy and Daily Puja (60 Gram (pack of 1)),₹228,5.0,11,https://www.amazon.in/VASUDHAM-Camphor-Tablets-Organic-Aromatherapy/dp/B0BX477PX6/ref=sr_1_237?keywords=camphor&qid=1692427364&sr=8-237
229,Prarthana,"Prarthana Camphor, 50 g",₹109,4.2,78,https://www.amazon.in/Prarthana-Invictus_EAN_IJADACDCGDBAF_GM-Camphor-50-g/dp/B0751FHRVP/ref=sr_1_238_f3_0o_fs?keywords=camphor&qid=1692427364&sr=8-238
230,Shri,"Shri Ganesh Premium Camphor Bhimseni Camphor, 100g X 1 Container",₹230,4.2,232,https://www.amazon.in/Shri-Ganesh-Premium-Camphor-Container/dp/B09B1QBKF6/ref=sr_1_239?keywords=camphor&qid=1692427364&sr=8-239
231,Elysian,"Elysian Camphor Slab Saraswati Kapoor Natural Camphor Blocks Camphor Diffuser for Puja/Pure, Kapoor Dani, Havan and Pooja (White Color) - 500 Grams",₹899,4.3,41,https://www.amazon.in/Elysian-Saraswati-Karpoor-Camphor-Diffuser/dp/B07ZQC5GRP/ref=sr_1_240?keywords=camphor&qid=1692427364&sr=8-240
232,YOUNG,"YOUNG CHEMIST Natural Undiluted Therapeutic Grade Camphor Essential Oil For Skin, Hair, Massage And Aromatherapy 250 ML",₹399,3.9,56,https://www.amazon.in/Young-Chemist-Essential-Aromatherapy-Therapeutic/dp/B09K1M26JH/ref=sr_1_241?keywords=camphor&qid=1692427364&sr=8-241
233,Mangalam,"Mangalam Campure Camphor Giant Cone (Original) Pack of 1 - Room, Car and Air Freshener & Mosquito Repellent",₹449.,4.3,41,https://www.amazon.in/Mangalam-Campure-Camphor-Original-Giant/dp/B0B599SY2Q/ref=sr_1_242?keywords=camphor&qid=1692427364&sr=8-242
234,Camveda,"Camveda Pure Camphor Tablets 500g (Jar) | Premium Camphor | Camphor/Kapoor for Pooja, Hawan, Air Freshener | Pure & Pleasant Fragrance For Aromatheraphy & Meditation- Single Pack",₹760,3.5,2,https://www.amazon.in/Freshener-Pleasant-Fragrance-Aromatheraphy-Meditation/dp/B0BWMNRZXQ/ref=sr_1_243?keywords=camphor&qid=1692427364&sr=8-243
235,AuraCam,AuraCam Gold Standard Bhimseni Camphor (50 grams),₹150,5.0,9,https://www.amazon.in/AuraCam-Standard-Bhimseni-Camphor-grams/dp/B0C699LFPS/ref=sr_1_244?keywords=camphor&qid=1692427364&sr=8-244
236,Camphor,Camphor Tree Kapoor Seed 10 SEED,₹199,,,https://www.amazon.in/Camphor-Tree-Kapoor-10-SEED/dp/B09HTFRG5H/ref=sr_1_245?keywords=camphor&qid=1692427364&sr=8-245
237,Taiwan,Taiwan in 100 Books,₹449,4.5,16,https://www.amazon.in/Taiwan-Books-John-Grant-Ross-ebook/dp/B089QY5H3Z/ref=sr_1_246?keywords=camphor&qid=1692427364&sr=8-246
238,360feel,"360feel Bhimseni Camphor 250gm Premium Kapoor Kapur isoborneol karpur Pacha karpooram Flakes desi Pure Natural Organic Aromatic for Pooja, Meditation, Havan, Room Freshener, Mosquito Insect Repellent",₹679,4.3,16,https://www.amazon.in/isoborneol-karpooram-Meditation-Freshener-Repellent/dp/B0B74C9JFD/ref=sr_1_247?keywords=camphor&qid=1692427364&sr=8-247
239,Shri,"Shri Ganesh Premium Camphor Tablets, 250g, Pack of 1",₹400,4.4,185,https://www.amazon.in/Shri-Ganesh-Premium-Camphor-Transparent/dp/B08DMNL4BK/ref=sr_1_248?keywords=camphor&qid=1692427364&sr=8-248
240,HASIRU,HASIRU Smokeless Camphor - 50 grams,₹220,3.2,42,https://www.amazon.in/HASIRU-Smokeless-Camphor-30-Pieces/dp/B07KPBNDXN/ref=sr_1_245?keywords=camphor&qid=1692427366&sr=8-245
241,Nilgiris,Nilgiris Camphor Oil (55 ml) (Kapoor Ka Tel),₹119,,,https://www.amazon.in/Nilgiris-Camphor-Oil-Kapoor-Tel/dp/B0C71RZRFG/ref=sr_1_246?keywords=camphor&qid=1692427366&sr=8-246
242,RAMNATH,"RAMNATH Camphor Tablet Jar (Camphor Tablet Jar, 100 gm X Pack of 1)",₹110,,,https://www.amazon.in/RAMNATH-Camphor-Tablet-Jar-Pack/dp/B09G917ZLV/ref=sr_1_247?keywords=camphor&qid=1692427366&sr=8-247
243,SIGNAMIO®,SIGNAMIO® Electric Kapoor dani Electrical Machine/Incense-Aroma Burner/Kapur Dani/Kapoor dani Diya/Aroma Oil Burner/Camphor Diffuser (Camphor Tablet NOT Included) Grey-1 pcs,₹255,4.0,1K+,https://www.amazon.in/SIGNAMIO%C2%AE-Electric-Incense-Beautiful-Burner/dp/B08LZK6B1V/ref=sr_1_248?keywords=camphor&qid=1692427366&sr=8-248
244,Pure,"Pure Source India Camphor Tablet (Natural), 100 Gram PSI-100GRM - Glass",₹399,3.9,95,https://www.amazon.in/Pure-Source-India-Camphor-Suitable/dp/B07QBGVJTW/ref=sr_1_249?keywords=camphor&qid=1692427366&sr=8-249
245,Pure,"Pure Camphor | Kapur | Kapoor Tablets Jar | Packets for Diffuser | Pooja, Meditation | Poojai | 100g",₹125,,,https://www.amazon.in/Camphor-Tablets-Packets-Diffuser-Meditation/dp/B0C6HB557Q/ref=sr_1_250?keywords=camphor&qid=1692427366&sr=8-250
246,Pure,"Pure Camphor | Kapur | Kapoor | Kapooram Tablets | Karpooram for Puja, Aarti, Havan, Yoga Kapoor Dani, Diffuser, Air Purifier, Mosquito - Insect Repellent - 25gms (Approx 65 Tablets)",₹59,,,https://www.amazon.in/Kapooram-Karpooram-Diffuser-Purifier-Mosquito/dp/B0BS3YX1GR/ref=sr_1_251?keywords=camphor&qid=1692427366&sr=8-251
247,Dev,Dev Kapur Dani Electrical Camphor Diffuser/Aroma Oil Diffuser with On Off Switch to Toggle for Burner & Lamp (M 06),₹261,2.4,5,https://www.amazon.in/Electrical-Camphor-Diffuser-Switch-Toggle/dp/B0BTMSYF19/ref=sr_1_252?keywords=camphor&qid=1692427366&sr=8-252
248,Pakhi,"Pakhi Premium Camphor Tablets | Kapoor | Kapur Tablets Jar for for Diffuser, Pooja, Meditation, Room Freshner (25 gm X 1 Jar)",₹95,4.5,21,https://www.amazon.in/Pakhi-Premium-Diffuser-Meditation-Freshner/dp/B09529151X/ref=sr_1_253?keywords=camphor&qid=1692427366&sr=8-253
249,Shubhkart,"Shubhkart Surabhi Pure Camphor Container (100g x 1 Jar) 100% Pure Kapoor Kappuram Pleasant Fragrance for Pooja, Havan, Meditation, Spiritual, Air Freshener",₹185,3.4,5,https://www.amazon.in/Shubhkart-Surabhi-Pure-Camphor-100/dp/B09RQSHV5B/ref=sr_1_254?keywords=camphor&qid=1692427366&sr=8-254
250,Aromahpure,"Aromahpure Camphor Cube – 100% Pure & Organic Camphor Cone for Car, Room and Bathroom Fresheners (Original + Bhimseni)",₹375,,,https://www.amazon.in/Aromahpure-Camphor-Cube-Bathroom-Fresheners/dp/B0BTHY6SXT/ref=sr_1_255?keywords=camphor&qid=1692427366&sr=8-255
251,DS,DS CREATIONS Bhimseni Energised Camphor 100GM | Isoborneol Flakes Kapoor |100% Pure Natural | Original Bhimseni Desi Kapoor,₹220,,,https://www.amazon.in/DS-CREATIONS-Bhimseni-Energised-Isoborneol/dp/B0C21M5G46/ref=sr_1_256?keywords=camphor&qid=1692427366&sr=8-256
252,Mangalam,"Mangalam Pure Camphor Tablets for Puja, Aarti, Meditation - 20g Jar",₹45,2.9,2,https://www.amazon.in/Mangalam-Camphor-Tablets-Aarti-Meditation/dp/B07VJNLS2N/ref=sr_1_257?keywords=camphor&qid=1692427366&sr=8-257
253,DRAMIQ®,DRAMIQ® Beautiful Kapoor Dani/Shock Proof Design Aroma Diffuser Cum Night Lamp Essential Oil Diffuser Made in India Electrical Camphor Diffuser Auto-Heating with White&Blue Light(2),₹469,2.9,6,https://www.amazon.in/Beautiful-Diffuser-Essential-Electrical-Auto-Heating/dp/B09SQ7NJ6L/ref=sr_1_258?keywords=camphor&qid=1692427366&sr=8-258
254,Dhanwi,"Dhanwi Original Grade A+ Natural Organic Camphor/Kapur Edible Kapoor Pacha Karpooram for Puja, Havan, Meditation, Diffuser Purpose (50 Gram, White) (50)",₹179,5.0,1,https://www.amazon.in/Original-Natural-Karpooram-Meditation-Diffuser/dp/B0BN6QJFGP/ref=sr_1_259?keywords=camphor&qid=1692427366&sr=8-259
255,ELISBURRY®,ELISBURRY® Rose Fragrance Camphor Cone 100% Pure & Organic For Car/Room/Office/Bathroom Fresheners/Wardrobe/Mosquito and Insect Repellent/Air Freshener/camphor tablets/Natural camphor cone(1-Pack),₹314.,,,https://www.amazon.in/ELISBURRY%C2%AE-Fragrance-Fresheners-Repellent-Freshener/dp/B0C1ZQCKH3/ref=sr_1_260?keywords=camphor&qid=1692427366&sr=8-260
256,ANJALI,ANJALI BHIMSENI CAMPHOR 50G JAR | ISO BORNEOL FLAKES | PACHAI KARPOORAM,₹135,,,https://www.amazon.in/ANJALI-BHIMSENI-CAMPHOR-BORNEOL-KARPOORAM/dp/B0CC5BHKC6/ref=sr_1_265?keywords=camphor&qid=1692427366&sr=8-265
257,Mangalam,Mangalam Camphor Butter Paper 400g,₹800,,,https://www.amazon.in/Mangalam-Camphor-Butter-Paper-400g/dp/B0C7RB9X4Y/ref=sr_1_266?keywords=camphor&qid=1692427366&sr=8-266
258,Himgiri,Himgiri Bhimseni Camphor 100 gm Original,₹258,5.0,4,https://www.amazon.in/Himgiri-Bhimseni-Camphor-100-Original/dp/B0BV2QDP2S/ref=sr_1_267?keywords=camphor&qid=1692427366&sr=8-267
259,GE,"GE Original Grade A+ Natural Organic Camphor/Kapur Edible Kapoor Pacha Karpooram for Puja, Havan, Meditation, Diffuser Purpose (50 Gram, White)",₹195,3.4,34,https://www.amazon.in/Original-Natural-Karpooram-Meditation-Diffuser/dp/B09SFBMGN3/ref=sr_1_268?keywords=camphor&qid=1692427366&sr=8-268
260,Vedic,Vedic Agni pure camphor,₹90,,,https://www.amazon.in/Generic-Vedic-Agni-pure-camphor/dp/B09F6V5WH8/ref=sr_1_269?keywords=camphor&qid=1692427366&sr=8-269
261,aditya,"aditya trader's Kapoor Dani Electrical Camphor Diffuser Glass with On/Off Switch to Toggle Between Burner and Lamp Used for Bedroom,Holl,Office.",₹339,,,https://www.amazon.in/traders-Kapoor-Dani-Electrical-Diffuser/dp/B0CC22879F/ref=sr_1_270?keywords=camphor&qid=1692427366&sr=8-270
262,V.,"V. K. Durga Camphor Pure Camphor | Kapur | Kapoor Tablets Jar | Bottle for Diffuser | Pooja, Meditation | Poojai | 100 Gram Bottle |Kapoor Tablets",₹125,,,https://www.amazon.in/V-K-Durga-Camphor-Meditation/dp/B0C94FBMRZ/ref=sr_1_271?keywords=camphor&qid=1692427366&sr=8-271
263,Essential,"Essential Product Electric Stainless Steel Incense Camphor Kapur Burner Dani Stand Holder for Office ,Home ,Temple",₹125,3.5,7,https://www.amazon.in/Essential-Product-Electric-Stainless-Incense/dp/B08Y8XV3HH/ref=sr_1_272?keywords=camphor&qid=1692427366&sr=8-272
264,Vedanum,"Vedanum 100% Organic Camphor Tablets Pouch for Pooja, Havan, Kapur Dani, Positive Energy and Aromatherapy - 500 Gm",₹648,2.8,12,https://www.amazon.in/Vedanum-Organic-Camphor-Positive-Aromatherapy/dp/B09S67GFDT/ref=sr_1_273?keywords=camphor&qid=1692427366&sr=8-273
265,Eabir Mayukh,Eabir Mayukh Wooden Electric Incense Burner | Kapoor Dani Camphor Burner | Lemon Grass 15 Ml Oil(Cylindrical),₹349,3.6,42,https://www.amazon.in/Eabir-Mayukh-Electric-Incense-Essential-Diffuser/dp/B097GTXKLJ/ref=sr_1_274?keywords=camphor&qid=1692427366&sr=8-274
266,advancedestore,"advancedestore Pure Camphor Tablets for Puja, Aarti, Meditation 2 grams each 20 sachet",₹118,5.0,1,https://www.amazon.in/advancedestore-Camphor-Tablets-Meditation-sachet/dp/B08NSL5KL9/ref=sr_1_275?keywords=camphor&qid=1692427366&sr=8-275
267,PANCIKAA,PANCIKAA Kapur Dani Electrical Camphor Diffuser,₹399,,,https://www.amazon.in/Pancikaa-Kapur-Electrical-Camphor-Diffuser/dp/B0B93JLVZL/ref=sr_1_276?keywords=camphor&qid=1692427366&sr=8-276
268,Camphorated,"Camphorated Cotton Wicks for Worship,Diwali Essentials,Pure Camphor Infused Cotton Wicks for Divine Pooja,Scented Cotton Wicks with Camphor for Holy Ceremonies,(Pack of 2,4,6,12) (1)",₹109,,,https://www.amazon.in/Camphorated-Worship-Essentials-Camphor-Ceremonies/dp/B0C27YY6BM/ref=sr_1_277?keywords=camphor&qid=1692427366&sr=8-277
269,HAPPYSURROUNDINGS,"HAPPYSURROUNDINGS Camphor Tablet, Boosts Energy, Kapoor for Puja (1 kg)","₹1,200",,,https://www.amazon.in/HAPPYSURROUNDINGS-Camphor-Tablet-Boosts-Energy/dp/B0CC1W8TJS/ref=sr_1_278?keywords=camphor&qid=1692427366&sr=8-278
270,A,A Quality Edible - Desi Camphor - Bhim Camphor - IsoBorneol Flakes - Pure Camphor - 100 Grams,₹349,4.0,1,https://www.amazon.in/Quality-Edible-Camphor-IsoBorneol-Flakes/dp/B08X14WPQ2/ref=sr_1_279?keywords=camphor&qid=1692427366&sr=8-279
271,DIVINE,"DIVINE HOME 100% Pure Feng Shui Energized Camphor (Bhimseni Camphor, 100 Gram)",₹299,3.0,2,https://www.amazon.in/DIVINE-HOME-Energized-Camphor-Bhimseni/dp/B08VS54MYP/ref=sr_1_280?keywords=camphor&qid=1692427366&sr=8-280
272,RPR,RPR Organic Camphor Tablets (1kg (500g X 2 Jars)),"₹1,480",4.3,114,https://www.amazon.in/RPR-Organic-Camphor-Tablets-500g/dp/B08PVXB481/ref=sr_1_281?keywords=camphor&qid=1692427366&sr=8-281
273,YAJNA,"YAJNA Natural Dhoop Sticks with Camphor, Guggal, Loban, Frankincense, Copal, Ghee, Coconut - All Natural Mosquito Repellent Agarbatti - 20 Healthy Incense Sticks per Pack",₹190,3.9,120,https://www.amazon.in/YAJNA-Natural-Dhoop-Stick-Antimicrobial/dp/B095PHS95S/ref=sr_1_282?keywords=camphor&qid=1692427366&sr=8-282
274,Shubhkart,Shubhkart Nirmal Kesar Chandan and Kapoor Loban Agarbatti for Puja & Meditation Agarbatti Zipper - Long Sticks| Charcoal Free (Combo of 2)|Camphor Aroma|Sandalwood Fragrance,₹129,3.8,181,https://www.amazon.in/Shubhkart-Nirmal-Chandan-Agarbatti-Meditation/dp/B0B9NK1TWB/ref=sr_1_283?keywords=camphor&qid=1692427366&sr=8-283
275,GECKO,GECKO K17CAS 17 Keys Kalimba Camphor Wood with Bag Set,"₹3,230",4.3,12,https://www.amazon.in/GECKO-K17CAS-Keys-Kalimba-Camphor/dp/B09SDW8LHC/ref=sr_1_284?keywords=camphor&qid=1692427366&sr=8-284
276,PAKHI,"PAKHI Bhimseni Camphor kapoor Kapur karpur Kappuram Pure Natural Aromatic for Pooja, Meditation, Havan, Room Freshener (25 Gram)",₹90,4.7,4,https://www.amazon.in/PAKHI-Bhimseni-Kappuram-Meditation-Freshener/dp/B0B6ZPLNNS/ref=sr_1_285?keywords=camphor&qid=1692427366&sr=8-285
277,RPR,"RPR Organic Camphor Powder, 1kg (500g X 2 Jars), White","₹1,474",4.2,11,https://www.amazon.in/RPR-Organic-Camphor-Powder-White/dp/B08QSK4Z5F/ref=sr_1_286?keywords=camphor&qid=1692427366&sr=8-286
278,"ORGTY,","ORGTY, Bhimseni camphor original | pacha karpooram original or bhimseni kapoor original camphor for pooja, bheemsen kapoor for Arti, use for camphor diffuser electric (50 Gram)",₹199,,,https://www.amazon.in/ORGTY-Bhimseni-original-karpooram-bhimseni/dp/B0BWR39T3J/ref=sr_1_287?keywords=camphor&qid=1692427366&sr=8-287
279,DS,DS CREATIONS Bhimseni Energised Camphor 1KG | Isoborneol Flakes Kapoor | White Crystal Camphor |100% Pure Natural | Original Bhimseni Desi Kapoor | Bhimseni Camphor for Remove Negativity,"₹1,449",5.0,1,https://www.amazon.in/DS-CREATIONS-Energised-Isoborneol-Negativity/dp/B0BDS56G5L/ref=sr_1_288?keywords=camphor&qid=1692427366&sr=8-288
280,Home,Home Light Matchbox - 180 Sticks,₹10,4.6,4.5K+,https://www.amazon.in/Home-Light-Matchbox-180-Sticks/dp/B012T20S2G/ref=sr_1_289_f3_0o_fs?keywords=camphor&qid=1692427366&sr=8-289
281,RPR,"RPR Organic Camphor Tablets, 500g X 1 Jar, Round Tablets, Transparent White",₹745,4.1,110,https://www.amazon.in/RPR-Organic-Camphor-Tablets-Transparent/dp/B08CH3B112/ref=sr_1_290?keywords=camphor&qid=1692427366&sr=8-290
282,Quick,"Quick Burn Steel Kapoor Dani Stand, Camphor Diffuser for Home, Temple",₹125,3.7,38,https://www.amazon.in/Quick-Kapoor-Camphor-Diffuser-Temple/dp/B08MC8M6B1/ref=sr_1_291?keywords=camphor&qid=1692427366&sr=8-291
283,Jyothi,"Jyothi Pacha Karpooram for Pooja ORIGINAL/Bhimseni camphor (250gm X Pack 1) Special Tin Box | Natural Superb Smell for Diffuser,Cone | Home Pooja Arthi | Kapoor | Karpooram | Soodam",₹450,5.0,2,https://www.amazon.in/Karpooram-ORIGINAL-Bhimseni-camphor-Diffuser/dp/B0BZPQNCZZ/ref=sr_1_292?keywords=camphor&qid=1692427366&sr=8-292
284,Mangalam,Mangalam Aromatherapy Box - 1 Kapoor Dani + 100g Bhimseni Camphor,₹599,,,https://www.amazon.in/Mangalam-Aromatherapy-Box-Bhimseni-Camphor/dp/B0C744G8HK/ref=sr_1_293?keywords=camphor&qid=1692427366&sr=8-293
285,Kailash,"Kailash 100% Pure Camphor for Puja, Meditation, Spirituality & Other Religious Rituals - 50g | Refreshing Fragrance | Aromatic Kapooram Tablets",₹95,,,https://www.amazon.in/Kailash-Camphor-Meditation-Spirituality-Religious/dp/B0C1SF1GRV/ref=sr_1_294?keywords=camphor&qid=1692427366&sr=8-294
286,EXPO,"EXPO ORGANICS Bhimseni Camphor Pouch for Puja, Meditation, Home Fragrance Camphor, Spirituality & Other Religious Rituals - (20gm)",₹99,,,https://www.amazon.in/EXPO-ORGANICS-Meditation-Fragrance-Spirituality/dp/B0C2QFLY1V/ref=sr_1_295?keywords=camphor&qid=1692427366&sr=8-295
287,Nidhi,"Nidhi Original bhimseni camphor 100gm/Pure kapur/oraganic camphor/meditation room freshner (Bhimseni Camphor - Camphor Dani, 200 gm)",₹799,,,https://www.amazon.in/Original-bhimseni-meditation-Bhimseni-Camphor/dp/B0CD43GQJN/ref=sr_1_296?keywords=camphor&qid=1692427366&sr=8-296
288,Shubhkart,"Shubhkart Surabhi Pure Camphor Container (100g x 1 Jar) 100% Pure Kapoor Kappuram Pleasant Fragrance for Pooja, Havan, Meditation, Spiritual, Air Freshener",₹185,3.4,,https://www.amazon.in/Shubhkart-Surabhi-Pure-Camphor-100/dp/B09RQSHV5B/ref=sr_1_293?keywords=camphor&qid=1692427367&sr=8-293
289,Mangaldeep,Mangaldeep Sadhvi Agarbatti - 100 Sticks,₹35,4.2,,https://www.amazon.in/Mangaldeep-Sadhvi-Agarbatti-100-Sticks/dp/B079H97JJN/ref=sr_1_294?keywords=camphor&qid=1692427367&sr=8-294
290,Aromahpure,"Aromahpure Camphor Cube – 100% Pure & Organic Camphor Cone for Car, Room and Bathroom Fresheners (Original + Bhimseni)",₹375,,,https://www.amazon.in/Aromahpure-Camphor-Cube-Bathroom-Fresheners/dp/B0BTHY6SXT/ref=sr_1_295?keywords=camphor&qid=1692427367&sr=8-295
291,Dermosys,"Dermosys Purity Oil Control Serum | With Hamamelis, Camphor & Bisabolol | Non - Drying | Removes Excess Oil & Anti Acne | Sulphate & Paraben Free | Daily Use Serum | For Oily & Acne Prone Skin - 30ml",₹790,5.0,,https://www.amazon.in/Dermosys-Control-Hamamelis-Camphor-Bisabolol/dp/B0BJQHJPYK/ref=sr_1_296?keywords=camphor&qid=1692427367&sr=8-296
292,DS,DS CREATIONS Bhimseni Energised Camphor 100GM | Isoborneol Flakes Kapoor |100% Pure Natural | Original Bhimseni Desi Kapoor,₹220,,,https://www.amazon.in/DS-CREATIONS-Bhimseni-Energised-Isoborneol/dp/B0C21M5G46/ref=sr_1_297?keywords=camphor&qid=1692427367&sr=8-297
293,Mangalam,"Mangalam Pure Camphor Tablets for Puja, Aarti, Meditation - 20g Jar",₹45,2.9,,https://www.amazon.in/Mangalam-Camphor-Tablets-Aarti-Meditation/dp/B07VJNLS2N/ref=sr_1_298?keywords=camphor&qid=1692427367&sr=8-298
294,DRAMIQ®,DRAMIQ® Beautiful Kapoor Dani/Shock Proof Design Aroma Diffuser Cum Night Lamp Essential Oil Diffuser Made in India Electrical Camphor Diffuser Auto-Heating with White&Blue Light(2),₹469,2.9,,https://www.amazon.in/Beautiful-Diffuser-Essential-Electrical-Auto-Heating/dp/B09SQ7NJ6L/ref=sr_1_299?keywords=camphor&qid=1692427367&sr=8-299
295,Vedicline,"Vedicline Multi-Active Rub For Cold & Muscular Pain Relief Rub Reduce Pain With Camphor, Tea Tree Oil, Clove For Pain & Restoration of Skin, 400ml",₹553,3.4,,https://www.amazon.in/Vedicline-Cold-Muscular-relief-400ml/dp/B07X6GF9F7/ref=sr_1_300?keywords=camphor&qid=1692427367&sr=8-300
296,Dhanwi,"Dhanwi Original Grade A+ Natural Organic Camphor/Kapur Edible Kapoor Pacha Karpooram for Puja, Havan, Meditation, Diffuser Purpose (50 Gram, White) (50)",₹179,5.0,,https://www.amazon.in/Original-Natural-Karpooram-Meditation-Diffuser/dp/B0BN6QJFGP/ref=sr_1_301?keywords=camphor&qid=1692427367&sr=8-301
297,ELISBURRY®,ELISBURRY® Rose Fragrance Camphor Cone 100% Pure & Organic For Car/Room/Office/Bathroom Fresheners/Wardrobe/Mosquito and Insect Repellent/Air Freshener/camphor tablets/Natural camphor cone(1-Pack),₹314.,,,https://www.amazon.in/ELISBURRY%C2%AE-Fragrance-Fresheners-Repellent-Freshener/dp/B0C1ZQCKH3/ref=sr_1_302?keywords=camphor&qid=1692427367&sr=8-302
298,ANJALI,ANJALI BHIMSENI CAMPHOR 50G JAR | ISO BORNEOL FLAKES | PACHAI KARPOORAM,₹135,,,https://www.amazon.in/ANJALI-BHIMSENI-CAMPHOR-BORNEOL-KARPOORAM/dp/B0CC5BHKC6/ref=sr_1_303?keywords=camphor&qid=1692427367&sr=8-303
299,Mangalam,Mangalam Camphor Butter Paper 400g,₹800,,,https://www.amazon.in/Mangalam-Camphor-Butter-Paper-400g/dp/B0C7RB9X4Y/ref=sr_1_304?keywords=camphor&qid=1692427367&sr=8-304
300,Himgiri,Himgiri Bhimseni Camphor 100 gm Original,₹258,5.0,,https://www.amazon.in/Himgiri-Bhimseni-Camphor-100-Original/dp/B0BV2QDP2S/ref=sr_1_305?keywords=camphor&qid=1692427367&sr=8-305
301,GE,"GE Original Grade A+ Natural Organic Camphor/Kapur Edible Kapoor Pacha Karpooram for Puja, Havan, Meditation, Diffuser Purpose (50 Gram, White)",₹195,3.4,,https://www.amazon.in/Original-Natural-Karpooram-Meditation-Diffuser/dp/B09SFBMGN3/ref=sr_1_306?keywords=camphor&qid=1692427367&sr=8-306
302,Vedic,Vedic Agni pure camphor,₹90,,,https://www.amazon.in/Generic-Vedic-Agni-pure-camphor/dp/B09F6V5WH8/ref=sr_1_307?keywords=camphor&qid=1692427367&sr=8-307
303,aditya,"aditya trader's Kapoor Dani Electrical Camphor Diffuser Glass with On/Off Switch to Toggle Between Burner and Lamp Used for Bedroom,Holl,Office.",₹339,,,https://www.amazon.in/traders-Kapoor-Dani-Electrical-Diffuser/dp/B0CC22879F/ref=sr_1_308?keywords=camphor&qid=1692427367&sr=8-308
304,V.,"V. K. Durga Camphor Pure Camphor | Kapur | Kapoor Tablets Jar | Bottle for Diffuser | Pooja, Meditation | Poojai | 100 Gram Bottle |Kapoor Tablets",₹125,,,https://www.amazon.in/V-K-Durga-Camphor-Meditation/dp/B0C94FBMRZ/ref=sr_1_313?keywords=camphor&qid=1692427367&sr=8-313
305,Essential,"Essential Product Electric Stainless Steel Incense Camphor Kapur Burner Dani Stand Holder for Office ,Home ,Temple",₹125,3.5,,https://www.amazon.in/Essential-Product-Electric-Stainless-Incense/dp/B08Y8XV3HH/ref=sr_1_314?keywords=camphor&qid=1692427367&sr=8-314
